Job Title,Job Experience Required,Key Skills,Role Category,Location,Functional Area,Industry,Role,Longitude,Latitude,sal,combined_features
 Digital Media Planner,5 - 10 yrs, Media Planning| Digital Media,Advertising,Mumbai,"Marketing , Advertising , MR , PR , Media Planning","Advertising, PR, MR, Event Management",Media Planning Executive/Manager,72.8773928,19.0759899,3855," Media Planning| Digital Media Media Planning Executive/Manager Advertising, PR, MR, Event Management Marketing , Advertising , MR , PR , Media Planning"
 Online Bidding Executive,2 - 5 yrs, pre sales| closing| software knowledge| clients| requirements| negotiating| client| online bidding| good communication| technology,Retail Sales,"Pune,Pune","Sales , Retail , Business Development","IT-Software, Software Services",Sales Executive/Officer,73.8544541,18.521428,2639," pre sales| closing| software knowledge| clients| requirements| negotiating| client| online bidding| good communication| technology Sales Executive/Officer IT-Software, Software Services Sales , Retail , Business Development"
 Trainee Research/ Research Executive- Hi- Tech Operations,0 - 1 yrs, Computer science| Fabrication| Quality check| Intellectual property| Electronics| Support services| Research| Management| Human resource management| Research Executive,R&D,Gurgaon,"Engineering Design , R&D","Recruitment, Staffing",R&D Executive,77.00270015,28.42826235,2156," Computer science| Fabrication| Quality check| Intellectual property| Electronics| Support services| Research| Management| Human resource management| Research Executive R&D Executive Recruitment, Staffing Engineering Design , R&D"
 Technical Support,0 - 5 yrs, Technical Support,Admin/Maintenance/Security/Datawarehousing,Mumbai,"IT Software - Application Programming , Maintenance","IT-Software, Software Services",Technical Support Engineer,72.8773928,19.0759899,4059," Technical Support Technical Support Engineer IT-Software, Software Services IT Software - Application Programming , Maintenance"
 Software Test Engineer -hyderabad,2 - 5 yrs, manual testing| test engineering| test cases| web testing| web technologies,Programming & Design,Hyderabad,IT Software - QA & Testing,"IT-Software, Software Services",Testing Engineer,78.4740613,17.360589,5347," manual testing| test engineering| test cases| web testing| web technologies Testing Engineer IT-Software, Software Services IT Software - QA & Testing"
 Opening For Adobe Analytics Specialist,5 - 7 yrs, adobe experience manager| digital| digital marketing| adobe analytics| data analytics| aem| adobe| sitecatalyst,Programming & Design,Pune,"IT Software - Application Programming , Maintenance","IT-Software, Software Services",System Analyst,73.8544541,18.521428,4838," adobe experience manager| digital| digital marketing| adobe analytics| data analytics| aem| adobe| sitecatalyst System Analyst IT-Software, Software Services IT Software - Application Programming , Maintenance"
 Sales- Fresher-for Leading Property Consultant,0 - 0 yrs, channel partners| real estate| negotiation| property| Residential Sales,Retail Sales,Bengaluru,"Sales , Retail , Business Development","Real Estate, Property",Sales Executive/Officer,77.590082,12.9767936,2585," channel partners| real estate| negotiation| property| Residential Sales Sales Executive/Officer Real Estate, Property Sales , Retail , Business Development"
 Opportunity For Azure Devops Architect For Hyderabad Location,9 - 14 yrs, TFS| Azure| Git| VSTS| Docker| DynaTrace| Splunk| AWS,Programming & Design,Hyderabad,"IT Software - Application Programming , Maintenance","IT-Software, Software Services",Technical Architect,78.4740613,17.360589,3914," TFS| Azure| Git| VSTS| Docker| DynaTrace| Splunk| AWS Technical Architect IT-Software, Software Services IT Software - Application Programming , Maintenance"
 BDE- PUNE,2 - 7 yrs, Bde,Institutional Sales,Pune,"Sales , Retail , Business Development","IT-Software, Software Services",Sales Executive/Officer,73.8544541,18.521428,2111," Bde Sales Executive/Officer IT-Software, Software Services Sales , Retail , Business Development"
 Technical Support/ Product Support,1 - 5 yrs, technical support| support services| application support| communication skills| voice based process| semi voice| semi voice process,Voice,Bengaluru,"ITES , BPO , KPO , LPO , Customer Service , Operations","IT-Software, Software Services",Associate/Senior Associate -(Technical),77.590082,12.9767936,2359," technical support| support services| application support| communication skills| voice based process| semi voice| semi voice process Associate/Senior Associate -(Technical) IT-Software, Software Services ITES , BPO , KPO , LPO , Customer Service , Operations"
 Executive Assistant To Chairman,5 - 10 yrs, secretary| executive assistant| ea,Corporate Planning/Consulting/Strategy,Mumbai,"Strategy , Management Consulting , Corporate Planning","Courier, Transportation, Freight , Warehousing",Corporate Planning/Strategy Manager,72.8773928,19.0759899,5569," secretary| executive assistant| ea Corporate Planning/Strategy Manager Courier, Transportation, Freight , Warehousing Strategy , Management Consulting , Corporate Planning"
 SEO Executive,1 - 6 yrs, website| web analytics| xml| link building| google analytics| case studies| seo| social media| tracking| maintaining,Admin/Maintenance/Security/Datawarehousing,"Noida,Delhi,Noida/Greater Noida","IT Software - eCommerce , Internet Technologies","IT-Software, Software Services",Webmaster,77.5545502,28.3900177,2167," website| web analytics| xml| link building| google analytics| case studies| seo| social media| tracking| maintaining Webmaster IT-Software, Software Services IT Software - eCommerce , Internet Technologies"
 Workflow Coordinator,2 - 7 yrs, operations| workflow| tat| monitoring| mts| email,Operations,"Delhi,Delhi","ITES , BPO , KPO , LPO , Customer Service , Operations","BPO, Call Centre, ITeS",Process Flow Analyst,77.2219388,28.6517178,2063," operations| workflow| tat| monitoring| mts| email Process Flow Analyst BPO, Call Centre, ITeS ITES , BPO , KPO , LPO , Customer Service , Operations"
Oracle IDAM, 3 - 7 Years,Oracle IDAM|OIM|OAM,Programming & Design,"Bengaluru,Hyderabad,Kolkata,Chennai","IT Software - Application Programming , Maintenance",IT-Software / Software Services,Software Developer,,,3239,"Oracle IDAM|OIM|OAM Software Developer IT-Software / Software Services IT Software - Application Programming , Maintenance"
 Looking Facebook /social Media Manager For our Digital Marketing Ageny,2 - 4 yrs, digital marketing| seo| social media marketing| content marketing| email marketing| sem| google analytics| campaign management| facebook| media management,Online/Digital Marketing,Gurgaon,"Marketing , Advertising , MR , PR , Media Planning","Advertising, PR, MR, Event Management",Social Media Marketing Manager,77.00270015,28.42826235,6979," digital marketing| seo| social media marketing| content marketing| email marketing| sem| google analytics| campaign management| facebook| media management Social Media Marketing Manager Advertising, PR, MR, Event Management Marketing , Advertising , MR , PR , Media Planning"
 Wanted Engineering Fresher For MNC Chennai,0 - 1 yrs, instrumentation engineering| electrical engineering| Engineering| fresher| Trainee| immediate| Mechanical Engineering| electronics engineering| undergraduate,,Chennai,Other,Other,Other,80.270186,13.0836939,1513, instrumentation engineering| electrical engineering| Engineering| fresher| Trainee| immediate| Mechanical Engineering| electronics engineering| undergraduate Other Other Other
 Tooling &amp; Sampling,2 - 7 yrs, Help Desk| Customer Service| customer relationship| access controls| Asset Management| Vendor Management,Engineering Design,Faridabad,"Engineering Design , R&D","Industrial Products, Heavy Machinery",Senior Design Engineer,77.3105561,28.4031478,6622," Help Desk| Customer Service| customer relationship| access controls| Asset Management| Vendor Management Senior Design Engineer Industrial Products, Heavy Machinery Engineering Design , R&D"
 Account Manager,3 - 7 yrs, Report Generation| Policies| analytical| procedures| Analysts| Data Entry| analytical skills,Accounts,Mumbai,"Accounts , Finance , Tax , Company Secretary , Audit","IT-Software, Software Services",Accounts Manager,72.8773928,19.0759899,5324," Report Generation| Policies| analytical| procedures| Analysts| Data Entry| analytical skills Accounts Manager IT-Software, Software Services Accounts , Finance , Tax , Company Secretary , Audit"
 Magento Developer,2 - 7 yrs, Copyright| Email| jQuery| XML| Javascript| CakePHP| Customer service| Open source| Facebook| CSS3,Programming & Design,Ahmedabad,"IT Software - eCommerce , Internet Technologies","Textiles, Garments, Accessories",Software Developer,72.5797068,23.0216238,6891," Copyright| Email| jQuery| XML| Javascript| CakePHP| Customer service| Open source| Facebook| CSS3 Software Developer Textiles, Garments, Accessories IT Software - eCommerce , Internet Technologies"
 Looking For Trained Freshers in MS Dynamics CRM- Hyderabad,0 - 3 yrs, C#| MS Dynamics CRM| Microsoft Dynamics| ms dynamics,Programming & Design,Hyderabad,"IT Software - Application Programming , Maintenance","IT-Software, Software Services",Software Developer,78.4740613,17.360589,6493," C#| MS Dynamics CRM| Microsoft Dynamics| ms dynamics Software Developer IT-Software, Software Services IT Software - Application Programming , Maintenance"
 Job Openings Kotak Life/ Max Life/ Aditya Birla Health for Sales Mgr,3 - 7 yrs, sales manager| business development manager| relationship manager| brokers| insurance sales| channel sales| direct sale| direct marketing| sales| Marketing Executive| Territory Sales Manager,Retail/Personal Banking,"Bhilai/Bhillai,Bhilwara,Bhopal,Bhubaneshwar,Bikaner,Bilaspur,Bokaro,Chandigarh,Burdwan","Financial Services , Banking , Investments , Insurance",Insurance,Sales Officer,,,5623," sales manager| business development manager| relationship manager| brokers| insurance sales| channel sales| direct sale| direct marketing| sales| Marketing Executive| Territory Sales Manager Sales Officer Insurance Financial Services , Banking , Investments , Insurance"
 Business Development / Corporate Sales,0 - 4 yrs, lead generation| business development| corporate sales,Retail Sales,Delhi NCR,"Sales , Retail , Business Development","IT-Software, Software Services",Sales/Business Development Manager,77.1212148,28.6882438,1564," lead generation| business development| corporate sales Sales/Business Development Manager IT-Software, Software Services Sales , Retail , Business Development"
 Business Development Manager (BDM),2 - 5 yrs, contract management| closing| it services| relationship building| managed services| selling| market research| business development manager| sales,Retail Sales,"Delhi,Delhi","Sales , Retail , Business Development","IT-Software, Software Services",Sales/Business Development Manager,77.2219388,28.6517178,5439," contract management| closing| it services| relationship building| managed services| selling| market research| business development manager| sales Sales/Business Development Manager IT-Software, Software Services Sales , Retail , Business Development"
 QA Executive,2 - 5 yrs, QA Executive,QA/Testing/Documentation,Hyderabad,IT Software - QA & Testing,"Pharma, Biotech, Clinical Research",Quality Assurance/Quality Control Executive,78.4740613,17.360589,5434," QA Executive Quality Assurance/Quality Control Executive Pharma, Biotech, Clinical Research IT Software - QA & Testing"
 Back End Java Developer - Restful Services/soap,6 - 8 yrs, Java EE| JMS| Core Java| JUnit| Weblogic| HTML| JPA| JSON| SOAP| SQL,Programming & Design,Bengaluru,"IT Software - DBA , Datawarehousing","IT-Software, Software Services",Software Developer,77.590082,12.9767936,4114," Java EE| JMS| Core Java| JUnit| Weblogic| HTML| JPA| JSON| SOAP| SQL Software Developer IT-Software, Software Services IT Software - DBA , Datawarehousing"
 Product Engineer,4 - 9 yrs, Conceptualization| Architecting| Continuous improvement| SIDE| development| Front end| it,Programming & Design,Bengaluru,"IT Software - Application Programming , Maintenance","IT-Software, Software Services",Software Developer,77.590082,12.9767936,4897," Conceptualization| Architecting| Continuous improvement| SIDE| development| Front end| it Software Developer IT-Software, Software Services IT Software - Application Programming , Maintenance"
 Opening For Articulate tool Developer - Articulate / Captivate)chennai,3 - 5 yrs, Articulate Storyline,Programming & Design,Chennai,"IT Software - Application Programming , Maintenance","Animation, Gaming",Graphic/Web Designer,80.270186,13.0836939,4626," Articulate Storyline Graphic/Web Designer Animation, Gaming IT Software - Application Programming , Maintenance"
 Urgent Hiring for Area Sales Manager,7 - 12 yrs, Area Sales Management| Retail Sales| FMCG| Chocolate| confectionary| ASM| Area Sales Manager| area business manager,Retail Sales,"Ambala,Gurgaon","Sales , Retail , Business Development","FMCG, Foods, Beverage",Area Sales Manager,76.770421,30.3843674,1724," Area Sales Management| Retail Sales| FMCG| Chocolate| confectionary| ASM| Area Sales Manager| area business manager Area Sales Manager FMCG, Foods, Beverage Sales , Retail , Business Development"
 Software Engineer - C++ Development - Ooad/oops,4 - 9 yrs, C#| Java| OOP| C++| Multithreading| UML| OOAD| OOPS| .Net| debugging,Programming & Design,Chennai,"IT Software - Application Programming , Maintenance","IT-Software, Software Services",Software Developer,80.270186,13.0836939,4562," C#| Java| OOP| C++| Multithreading| UML| OOAD| OOPS| .Net| debugging Software Developer IT-Software, Software Services IT Software - Application Programming , Maintenance"
 Linux Administrator Lead,5 - 10 yrs, qmail| workflow| nagios| windows server| networking| mysql| monitoring| redhat| maintaining| centos,Admin/Maintenance/Security/Datawarehousing,"Gurgaon,Gurgaon","IT Software - Network Administration , Security","IT-Software, Software Services",System Administrator,77.00270015,28.42826235,5425," qmail| workflow| nagios| windows server| networking| mysql| monitoring| redhat| maintaining| centos System Administrator IT-Software, Software Services IT Software - Network Administration , Security"
 Hiring for Tech Pm/scrum Master for Hyderabad Location,8 - 10 yrs, Java| JPA| Hibernate| Project Management| JDBC| Scrum Master| Microservices| Agile| SOAP| Rest,Project Management,Hyderabad,"IT Software - Application Programming , Maintenance","IT-Software, Software Services",Project Manager-IT/Software,78.4740613,17.360589,5286," Java| JPA| Hibernate| Project Management| JDBC| Scrum Master| Microservices| Agile| SOAP| Rest Project Manager-IT/Software IT-Software, Software Services IT Software - Application Programming , Maintenance"
 Assistant Professor (Grade I)-Theoretical Computer Science,3 - 5 yrs,vide,,Delhi,"Teaching , Education , Training , Counselling","Education, Teaching, Training",,77.2219388,28.6517178,2948,"vide  Education, Teaching, Training Teaching , Education , Training , Counselling"
 US Based Financial Company Looking For Java API Engineers For HYD,6 - 8 yrs, Java| java api| Banking| j2ee| API| finance| core java| microservices,Programming & Design,Hyderabad,"IT Software - Application Programming , Maintenance","IT-Software, Software Services",Software Developer,78.4740613,17.360589,5198," Java| java api| Banking| j2ee| API| finance| core java| microservices Software Developer IT-Software, Software Services IT Software - Application Programming , Maintenance"
 Strong Partner Ecosystem,2 - 7 yrs, GIS| ISO 27001| HR| information system| process| ISO 9001| Information security management| GIS software| Management| Edge,Programming & Design,Noida,"IT Software - Application Programming , Maintenance","IT-Software, Software Services",Project Lead,77.3271074,28.5707841,4494," GIS| ISO 27001| HR| information system| process| ISO 9001| Information security management| GIS software| Management| Edge Project Lead IT-Software, Software Services IT Software - Application Programming , Maintenance"
 Wordpress Web Developer,3 - 6 yrs,vide,Programming & Design,Bengaluru,"IT Software - Application Programming , Maintenance","Recruitment, Staffing",Software Developer,77.590082,12.9767936,4689,"vide Software Developer Recruitment, Staffing IT Software - Application Programming , Maintenance"
 Senior Executive- Contract Logistics- Bom WP-A,2 - 5 yrs, Administration| Administrative Support| Contract Logistics| Staff Development| Site Management| Quality Improvement| warehousing| Warehouse Operations,Logistics,Mumbai,Purchase / Logistics / Supply Chain,"Courier, Transportation, Freight , Warehousing",Logistics Executive,72.8773928,19.0759899,3815," Administration| Administrative Support| Contract Logistics| Staff Development| Site Management| Quality Improvement| warehousing| Warehouse Operations Logistics Executive Courier, Transportation, Freight , Warehousing Purchase / Logistics / Supply Chain"
 Accounts Manager,2 - 3 yrs, filing| tds| service industry| pf| esi| returns| coaching| payroll| invoice| tally,Accounts,Mumbai,"Accounts , Finance , Tax , Company Secretary , Audit","Security, Law Enforcement",Accounts Executive/Accountant,72.8773928,19.0759899,3252," filing| tds| service industry| pf| esi| returns| coaching| payroll| invoice| tally Accounts Executive/Accountant Security, Law Enforcement Accounts , Finance , Tax , Company Secretary , Audit"
 Technical Sales Executive with fixed pay & lucrative incentives/UK Inb,0 - 3 yrs, Outbound| Antivirus| Technical support| Sales| Spot| Inbound calls| pay| Medical| Comp,Voice,Kolkata,"ITES , BPO , KPO , LPO , Customer Service , Operations","IT-Software, Software Services",Associate/Senior Associate -(NonTechnical),88.35769124,22.5414185,3087," Outbound| Antivirus| Technical support| Sales| Spot| Inbound calls| pay| Medical| Comp Associate/Senior Associate -(NonTechnical) IT-Software, Software Services ITES , BPO , KPO , LPO , Customer Service , Operations"
 nutanix sme ,15 - 20 yrs, Troubleshooting| DNS| DHCP| Monitoring| Virtualization| Shell scripting| Python| VMS| Open source| Archiving,Technical Support,Bengaluru,"IT Hardware , Technical Support , Telecom Engineering","IT-Software, Software Services",Technical Support Manager,77.590082,12.9767936,1965," Troubleshooting| DNS| DHCP| Monitoring| Virtualization| Shell scripting| Python| VMS| Open source| Archiving Technical Support Manager IT-Software, Software Services IT Hardware , Technical Support , Telecom Engineering"
 System Architect - 3g/4g Wireless Network Architecture & Migration,10 - 16 yrs, 4G| 3GPP| 3G| System Architect| LTE| Radio Access Network| PhD| IEEE,Programming & Design,Mumbai,"IT Software - Network Administration , Security","IT-Software, Software Services",Technical Architect,72.8773928,19.0759899,3883," 4G| 3GPP| 3G| System Architect| LTE| Radio Access Network| PhD| IEEE Technical Architect IT-Software, Software Services IT Software - Network Administration , Security"
"Excellent Opportunity For ” Linux Device Driver ” ,for Hyderabad and Ban", 2 - 7 Years,arm processor|c|device drivers|embedded linux|linux kernel|ipc,Programming & Design," Hyderabad, Bengaluru","IT Software - Application Programming , Maintenance",IT-Software / Software Services,Software Developer,77.6370384,13.023331,5273,"arm processor|c|device drivers|embedded linux|linux kernel|ipc Software Developer IT-Software / Software Services IT Software - Application Programming , Maintenance"
 Java Developer,6 - 8 yrs, JMS| Core Java| Sonar| Weblogic| XML| J2Ee| SVN| Spring| Oracle 11G| SQL,,Pune,Other,Other,Other,73.8544541,18.521428,4087, JMS| Core Java| Sonar| Weblogic| XML| J2Ee| SVN| Spring| Oracle 11G| SQL Other Other Other
 Regional Representative,0 - 3 yrs, market| presentation| strong analytical skills| english| presentation skills| developing| customer interaction,Institutional Sales,Noida,"Sales , Retail , Business Development","IT-Software, Software Services",Sales/Business Development Manager,77.3271074,28.5707841,4615," market| presentation| strong analytical skills| english| presentation skills| developing| customer interaction Sales/Business Development Manager IT-Software, Software Services Sales , Retail , Business Development"
 Hiring For Record To Report,1 - 4 yrs, fixed assets| accounts payable| record to report| general accounting| general ledger,Voice,"Gurgaon,Noida","ITES , BPO , KPO , LPO , Customer Service , Operations","BPO, Call Centre, ITeS",Associate/Senior Associate -(NonTechnical),77.00270015,28.42826235,6666," fixed assets| accounts payable| record to report| general accounting| general ledger Associate/Senior Associate -(NonTechnical) BPO, Call Centre, ITeS ITES , BPO , KPO , LPO , Customer Service , Operations"
 Product & Regional Sales Manager,3 - 6 yrs, Team management| Regional sales| Management,Retail Sales,Mumbai,"Sales , Retail , Business Development","Strategy, Management Consulting Firms",Regional Manager,72.8773928,19.0759899,6397," Team management| Regional sales| Management Regional Manager Strategy, Management Consulting Firms Sales , Retail , Business Development"
 Senior Manager/associate Director - Mandarin,10 - 15 yrs, Commercial Activities| Commercial Sales| Online Sales| Senior Management| Budgeting| Strategy Implementation| Marketing| E - commerce,Senior Management,"Delhi,Gurgaon","Sales , Retail , Business Development","Internet, Ecommerce",Head / VP/ GM/ National Manager After Sales,77.0222524,28.5061017,3009," Commercial Activities| Commercial Sales| Online Sales| Senior Management| Budgeting| Strategy Implementation| Marketing| E - commerce Head / VP/ GM/ National Manager After Sales Internet, Ecommerce Sales , Retail , Business Development"
 ODI Developer/lead ODI Developer - RACI,5 - 10 yrs, ODI| Matrix,Programming & Design,Mumbai,"IT Software - DBA , Datawarehousing","IT-Software, Software Services",Software Developer,72.8773928,19.0759899,4707," ODI| Matrix Software Developer IT-Software, Software Services IT Software - DBA , Datawarehousing"
 UI Developer,2 - 4 yrs, javascript| sql| php| php mysql| css| software development| technical| photoshop| mca| ajax| jquery| application| web| design| mysql| html,Programming & Design,Noida,"IT Software - Application Programming , Maintenance","IT-Software, Software Services",Software Developer,77.3271074,28.5707841,6928," javascript| sql| php| php mysql| css| software development| technical| photoshop| mca| ajax| jquery| application| web| design| mysql| html Software Developer IT-Software, Software Services IT Software - Application Programming , Maintenance"
 Assistant Manager ,5 - 8 yrs, Relationship management| Relationship building| Client relationship| Training| Analytical skills| Process mapping| Standard operating procedures| Agile| Management| Visa processing,Voice,Gurgaon,"ITES , BPO , KPO , LPO , Customer Service , Operations","Education, Teaching, Training",Associate/Senior Associate -(NonTechnical),77.00270015,28.42826235,2117," Relationship management| Relationship building| Client relationship| Training| Analytical skills| Process mapping| Standard operating procedures| Agile| Management| Visa processing Associate/Senior Associate -(NonTechnical) Education, Teaching, Training ITES , BPO , KPO , LPO , Customer Service , Operations"
 Android Developer,2 - 5 yrs, android| btech| iphone| server| analytical| developing| ios| platforms| objective c| web| xml| design| json| programming| development| c| testing| mobile| xcode| application development| eclipse| application| sdk| applications,Programming & Design,Bengaluru,"IT Software - Application Programming , Maintenance","IT-Software, Software Services",Software Developer,77.590082,12.9767936,2293," android| btech| iphone| server| analytical| developing| ios| platforms| objective c| web| xml| design| json| programming| development| c| testing| mobile| xcode| application development| eclipse| application| sdk| applications Software Developer IT-Software, Software Services IT Software - Application Programming , Maintenance"
 International BPO / Non Voice Process / Rotational Shift / Ahmedabad,1 - 4 yrs, cca| bpo| csr| international bpo| customer service| outbound process| customer care| tourism| customer support| fresher| voice process| inbound process| cse| bpo fresher| voice support| hotel| travel,Voice,Ahmedabad,"ITES , BPO , KPO , LPO , Customer Service , Operations","BPO, Call Centre, ITeS",Associate/Senior Associate -(NonTechnical),72.5797068,23.0216238,6757," cca| bpo| csr| international bpo| customer service| outbound process| customer care| tourism| customer support| fresher| voice process| inbound process| cse| bpo fresher| voice support| hotel| travel Associate/Senior Associate -(NonTechnical) BPO, Call Centre, ITeS ITES , BPO , KPO , LPO , Customer Service , Operations"
 iOS Developer,2 - 5 yrs, bca| graphics| application development| b tech| core| b sc| application| b e| ios| publishing| animation,Programming & Design,"Chandigarh,Chandigarh",IT Software - Mobile,"IT-Software, Software Services",Software Developer,76.7797143,30.7334421,3523," bca| graphics| application development| b tech| core| b sc| application| b e| ios| publishing| animation Software Developer IT-Software, Software Services IT Software - Mobile"
 F&A Black belt - Process Excellence Lead,8 - 13 yrs, Accounting| Continuous Improvement| Process Improvement| Load Balancing| Lean Six Sigma| Black Belt| Training| Green Belt| Process re - engineering| Process Excellence| Business Excellence| OTC,Back Office/Web/Transaction Processing,"Chennai,Gurgaon,Bengaluru","ITES , BPO , KPO , LPO , Customer Service , Operations","BPO, Call Centre, ITeS",Team Leader -(NonTechnical),77.5645232,13.0149021,3759," Accounting| Continuous Improvement| Process Improvement| Load Balancing| Lean Six Sigma| Black Belt| Training| Green Belt| Process re - engineering| Process Excellence| Business Excellence| OTC Team Leader -(NonTechnical) BPO, Call Centre, ITeS ITES , BPO , KPO , LPO , Customer Service , Operations"
 IT - Head (preferably from an NGO),15 - 20 yrs, networking| information technology| network administration| technical support| support services| license management| disaster recovery| data security| it training| it software,,Delhi NCR,Other,"NGO, Social Services, Regulators, Industry Associations",Other,77.1212148,28.6882438,5898," networking| information technology| network administration| technical support| support services| license management| disaster recovery| data security| it training| it software Other NGO, Social Services, Regulators, Industry Associations Other"
 Digital Content Producer For largest Media House,3 - 8 yrs, Automobile| Digital Content| Content Development| Production| Web Content Writing,Content Development,"Bengaluru,Hyderabad","Journalism , Editing , Content","Media, Entertainment, Internet",Content Developer,77.6370384,13.023331,3515," Automobile| Digital Content| Content Development| Production| Web Content Writing Content Developer Media, Entertainment, Internet Journalism , Editing , Content"
 Manager Holidays,6 - 10 yrs, Tourism| target achievement| negotiation skills| revenue management| Tour Packages,Retail Sales,Mumbai,"Sales , Retail , Business Development","Aviation, Aerospace, Aeronautical",Sales/Business Development Manager,72.8773928,19.0759899,6136," Tourism| target achievement| negotiation skills| revenue management| Tour Packages Sales/Business Development Manager Aviation, Aerospace, Aeronautical Sales , Retail , Business Development"
 Backend Developer,1 - 5 yrs, PHP| Networking| Data structures| HTTP| JSON| Software design| Computer science| System design| Backend| Ticketing,Programming & Design,Bengaluru,"IT Software - Application Programming , Maintenance","Internet, Ecommerce",Software Developer,77.590082,12.9767936,4176," PHP| Networking| Data structures| HTTP| JSON| Software design| Computer science| System design| Backend| Ticketing Software Developer Internet, Ecommerce IT Software - Application Programming , Maintenance"
 JUNIOR BIG DATA ANALYST IN,1 - 3 yrs,vide,Operations,Bengaluru,"ITES , BPO , KPO , LPO , Customer Service , Operations","Recruitment, Staffing",Business/EDP Analyst,77.590082,12.9767936,2074,"vide Business/EDP Analyst Recruitment, Staffing ITES , BPO , KPO , LPO , Customer Service , Operations"
 Chief Engineer,11 - 15 yrs, Chief Engineer| Hospitality| HVAC| Maintenance| Water Treatment| Energy Conservation| Capital Expenditure,,Hyderabad,Top Management,"Travel , Hotels , Restaurants , Airlines , Railways",CEO/MD/Director,78.4740613,17.360589,2994," Chief Engineer| Hospitality| HVAC| Maintenance| Water Treatment| Energy Conservation| Capital Expenditure CEO/MD/Director Travel , Hotels , Restaurants , Airlines , Railways Top Management"
 Oracle DBA Consultant - Data Guard/rac Modules,2 - 5 yrs, WebLogic| configuration| MySQL| installation| Oracle DBA| troubleshooting| Oracle RAC,Admin/Maintenance/Security/Datawarehousing,Mumbai,"IT Software - DBA , Datawarehousing","IT-Software, Software Services",DBA,72.8773928,19.0759899,1528," WebLogic| configuration| MySQL| installation| Oracle DBA| troubleshooting| Oracle RAC DBA IT-Software, Software Services IT Software - DBA , Datawarehousing"
 Global HR Operations Analyst,1 - 4 yrs, Service level| Data management| HR Coordinator| Management audit| HR operations| Human resource management,HR/ Recruitment / IR,Gurgaon,"HR , Recruitment , Administration , IR","Industrial Products, Heavy Machinery",HR Executive,77.00270015,28.42826235,6377," Service level| Data management| HR Coordinator| Management audit| HR operations| Human resource management HR Executive Industrial Products, Heavy Machinery HR , Recruitment , Administration , IR"
 Compiler- Support Engineer,5 - 10 yrs, Graphics| C++| Windows OS| Linux| high performance computing| Test cases| System software| Gaming| FreeBSD,Programming & Design,Bengaluru,"IT Software - Application Programming , Maintenance","Telcom, ISP",Software Developer,77.590082,12.9767936,4462," Graphics| C++| Windows OS| Linux| high performance computing| Test cases| System software| Gaming| FreeBSD Software Developer Telcom, ISP IT Software - Application Programming , Maintenance"
 Key Accounts Manager,0 - 0 yrs,vide,Advertising,Bengaluru,"Marketing , Advertising , MR , PR , Media Planning","Telcom, ISP",Client Servicing/Key Account Manager,77.590082,12.9767936,2096,"vide Client Servicing/Key Account Manager Telcom, ISP Marketing , Advertising , MR , PR , Media Planning"
 Head Sales- Coworking Company,7 - 12 yrs, Sales| Team Building| Strategic Leadership| Real Estate| Field Sales| Sales Strategy| Enterprise Business| Go - to - market Strategy| Enterprise sales| Sales Executive Activities| Marketing,Senior Management,Delhi NCR,"Sales , Retail , Business Development","Real Estate, Property",Head/VP/GM/National Manager -Sales,77.1212148,28.6882438,6305," Sales| Team Building| Strategic Leadership| Real Estate| Field Sales| Sales Strategy| Enterprise Business| Go - to - market Strategy| Enterprise sales| Sales Executive Activities| Marketing Head/VP/GM/National Manager -Sales Real Estate, Property Sales , Retail , Business Development"
" Clubhouse Manager, Facility Manager,",2 - 5 yrs, Facility Management| facility services,Health & Fitness,Bengaluru,Beauty / Fitness / Spa Services,Facility Management,Centre Head / Branch Head / Club Manager,77.590082,12.9767936,3408, Facility Management| facility services Centre Head / Branch Head / Club Manager Facility Management Beauty / Fitness / Spa Services
 IP DRG / Surgery / ED / Denials Coders,1 - 5 yrs, sds| radiology| CPT| icd - 10| EM| medical coding| coders| surgery| ed,Voice,"Chennai,Hyderabad,Trivandrum","ITES , BPO , KPO , LPO , Customer Service , Operations","BPO, Call Centre, ITeS",Associate/Senior Associate -(NonTechnical),,,2230," sds| radiology| CPT| icd - 10| EM| medical coding| coders| surgery| ed Associate/Senior Associate -(NonTechnical) BPO, Call Centre, ITeS ITES , BPO , KPO , LPO , Customer Service , Operations"
 Sales Manager - Education Sales,5 - 7 yrs, Market analysis| Public relations| CV| Relationship building| Market intelligence| Prospecting| Budgeting| Sales process| Branding,Retail Sales,Gurgaon,"Sales , Retail , Business Development","Recruitment, Staffing",Sales/Business Development Manager,77.00270015,28.42826235,2856," Market analysis| Public relations| CV| Relationship building| Market intelligence| Prospecting| Budgeting| Sales process| Branding Sales/Business Development Manager Recruitment, Staffing Sales , Retail , Business Development"
 HR Associate,0 - 2 yrs, ERP| MIS| Succession Planning| Reports| Talent Management| Human Resources| HR Policies| Recruitment| Talent Acquisition,HR/ Recruitment / IR,Hyderabad,"HR , Recruitment , Administration , IR","IT-Software, Software Services",HR Executive,78.4740613,17.360589,5736," ERP| MIS| Succession Planning| Reports| Talent Management| Human Resources| HR Policies| Recruitment| Talent Acquisition HR Executive IT-Software, Software Services HR , Recruitment , Administration , IR"
 Manager / Sr Manager - Digital Ad Sales - Ecommerce,4 - 9 yrs, revenue generation| marketing| ad sales| web technologies,Corporate Sales,"Delhi NCR,Mumbai","Sales , Retail , Business Development","Internet, Ecommerce",Sales/Business Development Manager,121.0977529,14.6719732,3637," revenue generation| marketing| ad sales| web technologies Sales/Business Development Manager Internet, Ecommerce Sales , Retail , Business Development"
 Architect Junior/ Middle level,1 - 2 yrs, co ordination| team management| drafting| loans| online| coordination| quality,Architectural Services,Noida,"Architecture , Interior Design","BPO, Call Centre, ITeS",Project Architect,77.3271074,28.5707841,2577," co ordination| team management| drafting| loans| online| coordination| quality Project Architect BPO, Call Centre, ITeS Architecture , Interior Design"
 php developer,3 - 4 yrs, English| PHP| XML| DOM| SOAP| Com| Web technologies| Written communication| Email| Time,Programming & Design,Gurgaon,IT Software - Other,"Recruitment, Staffing",Software Developer,77.00270015,28.42826235,4436," English| PHP| XML| DOM| SOAP| Com| Web technologies| Written communication| Email| Time Software Developer Recruitment, Staffing IT Software - Other"
 Openstack Engineer / Openstack Admin with Ceph Storage,6 - 11 yrs, cloud| puppet| python| git| KVM| linux| jenkins| openstack| ansible,Programming & Design,Bengaluru,"IT Software - Application Programming , Maintenance","IT-Software, Software Services",System Analyst,77.590082,12.9767936,3679," cloud| puppet| python| git| KVM| linux| jenkins| openstack| ansible System Analyst IT-Software, Software Services IT Software - Application Programming , Maintenance"
 Sr. Software Engineer,4 - 8 yrs, National| Branch| Vice President| J2Ee| Software,Programming & Design,Noida,"IT Software - Application Programming , Maintenance","Strategy, Management Consulting Firms",Software Developer,77.3271074,28.5707841,5975," National| Branch| Vice President| J2Ee| Software Software Developer Strategy, Management Consulting Firms IT Software - Application Programming , Maintenance"
 Software Engineering- Mentor,1 - 5 yrs, Mentor| Android| Consulting| Usage| development| software| mobile| it| SIDE| Front end| Web technologies| Coding| web| backend| Open source| programming| Investment,Programming & Design,Bengaluru,"IT Software - Embedded , EDA , VLSI , ASIC , Chip Design","IT-Software, Software Services",Software Developer,77.590082,12.9767936,3935," Mentor| Android| Consulting| Usage| development| software| mobile| it| SIDE| Front end| Web technologies| Coding| web| backend| Open source| programming| Investment Software Developer IT-Software, Software Services IT Software - Embedded , EDA , VLSI , ASIC , Chip Design"
 Application Tester,3 - 8 yrs, Performance Testing| Software Testing| Manual Testing| Quality Testing,Programming & Design,Chennai,"IT Software - Application Programming , Maintenance","IT-Software, Software Services",Testing Engineer,80.270186,13.0836939,5256," Performance Testing| Software Testing| Manual Testing| Quality Testing Testing Engineer IT-Software, Software Services IT Software - Application Programming , Maintenance"
 Credit Control - Manager / Asst. Manager,3 - 5 yrs, Pivot Table| Credit Analysis| Tally ERP| Accounting| VLOOKUP| Finance| Lookup| Advanced Excel| HLOOKUP| Credit Control,,Pune,Other,"Travel , Hotels , Restaurants , Airlines , Railways",Other,73.8544541,18.521428,3675," Pivot Table| Credit Analysis| Tally ERP| Accounting| VLOOKUP| Finance| Lookup| Advanced Excel| HLOOKUP| Credit Control Other Travel , Hotels , Restaurants , Airlines , Railways Other"
 Night Shift - Non Voice / Web Chat - BPO,0 - 5 yrs, international bpo| bpo| kpo| web chat| non voice process| e mail| international call center| customer service representative| cse| interpersonal skills| ites| uk shift| customer service| e - commerce| customer care| customer support| bpo fresher,Voice,"Ahmedabad,Gandhinagar,Vadodara","ITES , BPO , KPO , LPO , Customer Service , Operations","BPO, Call Centre, ITeS",Associate/Senior Associate -(NonTechnical),72.6300562,23.0876721,1738," international bpo| bpo| kpo| web chat| non voice process| e mail| international call center| customer service representative| cse| interpersonal skills| ites| uk shift| customer service| e - commerce| customer care| customer support| bpo fresher Associate/Senior Associate -(NonTechnical) BPO, Call Centre, ITeS ITES , BPO , KPO , LPO , Customer Service , Operations"
 Sales Executive,2 - 4 yrs, Innovative| Aggressive,Front Office/Customer Care,"Bengaluru,Hyderabad (1) ,Gurgaon,...More","Hotels , Restaurants","Travel , Hotels , Restaurants , Airlines , Railways",Front Office/Guest Relations Executive/Manager,,,4134," Innovative| Aggressive Front Office/Guest Relations Executive/Manager Travel , Hotels , Restaurants , Airlines , Railways Hotels , Restaurants"
 Design Engineer Mechanical,7 - 12 yrs, Communication Skills| Detail Engineering| Material Handling| AutoCAD| Detailing| Design Engineering| Microstation| Bid Evaluation,Engineering Design,Kolkata,"Engineering Design , R&D","Oil and Gas, Energy, Power, Infrastructure",Design Engineer,88.35769124,22.5414185,6330," Communication Skills| Detail Engineering| Material Handling| AutoCAD| Detailing| Design Engineering| Microstation| Bid Evaluation Design Engineer Oil and Gas, Energy, Power, Infrastructure Engineering Design , R&D"
 Android developer,1 - 3 yrs, design| android| erp| software| mvc| quality,Programming & Design,Bengaluru,"IT Software - Application Programming , Maintenance","IT-Software, Software Services",Software Developer,77.590082,12.9767936,4041," design| android| erp| software| mvc| quality Software Developer IT-Software, Software Services IT Software - Application Programming , Maintenance"
 Technical Writer,4 - 7 yrs, Technical Writing| Technical Documentation| Articles| Writing Skills| Product Support,QA/Testing/Documentation,Gurgaon,"IT Software - eCommerce , Internet Technologies","IT-Software, Software Services",Technical Writer,77.00270015,28.42826235,3753," Technical Writing| Technical Documentation| Articles| Writing Skills| Product Support Technical Writer IT-Software, Software Services IT Software - eCommerce , Internet Technologies"
" Pro-Engineer , Matlab ,Ansys",3 - 7 yrs, Ansys| thermal| MATLAB| System design| Recruitment| MCCB| Electricals,Engineering Design,Hyderabad,"Engineering Design , R&D","Recruitment, Staffing",Design Engineer,78.4740613,17.360589,2994," Ansys| thermal| MATLAB| System design| Recruitment| MCCB| Electricals Design Engineer Recruitment, Staffing Engineering Design , R&D"
 Business Development Executive - Kolkata,2 - 6 yrs, Product placement| Market research| Distributor handling| Business Development Executive| Customer service| Customer Service Executive| Secondary sales| Supervision,Retail Sales,Kolkata,"Sales , Retail , Business Development","Textiles, Garments, Accessories",Sales/Business Development Manager,88.35769124,22.5414185,6744," Product placement| Market research| Distributor handling| Business Development Executive| Customer service| Customer Service Executive| Secondary sales| Supervision Sales/Business Development Manager Textiles, Garments, Accessories Sales , Retail , Business Development"
 Accountant - UK Based Accounting,1 - 6 yrs, Management accounting| Accounting| VAT| Book Keeping| SAGE| Tax returns,Accounts,Ahmedabad,"Accounts , Finance , Tax , Company Secretary , Audit","Recruitment, Staffing",Accounts Executive/Accountant,72.5797068,23.0216238,5060," Management accounting| Accounting| VAT| Book Keeping| SAGE| Tax returns Accounts Executive/Accountant Recruitment, Staffing Accounts , Finance , Tax , Company Secretary , Audit"
 Opportunity For Current Account RM ||bank || Delhi,2 - 7 yrs, Trade| Forex Trading| Forex| fx| Lead Generation| Accounting| Banking| Revenue Generation| Current Account,Retail Sales,Delhi NCR,"Sales , Retail , Business Development","Banking, Financial Services, Broking",Sales/Business Development Manager,77.1212148,28.6882438,6436," Trade| Forex Trading| Forex| fx| Lead Generation| Accounting| Banking| Revenue Generation| Current Account Sales/Business Development Manager Banking, Financial Services, Broking Sales , Retail , Business Development"
 PHP Developer,1 - 5 yrs, XML| Javascript| PHP| development| css| technical| analytical| software| testing| HTML| tools| Joomla| coding| jQuery| web| MySQL| Wordpress| design| XHTML| debugging| Ajax,Programming & Design,Noida,"IT Software - Application Programming , Maintenance","IT-Software, Software Services",Software Developer,77.3271074,28.5707841,3541," XML| Javascript| PHP| development| css| technical| analytical| software| testing| HTML| tools| Joomla| coding| jQuery| web| MySQL| Wordpress| design| XHTML| debugging| Ajax Software Developer IT-Software, Software Services IT Software - Application Programming , Maintenance"
 Senior Engineering Maintenance Manager For Knitting and ZLD System,12 - 22 yrs, zld| Engineering Management| knitting,Production/Manufacturing/Maintenance,Bengaluru,"Production , Manufacturing , Maintenance","Textiles, Garments, Accessories",Engineering Manager,77.590082,12.9767936,1802," zld| Engineering Management| knitting Engineering Manager Textiles, Garments, Accessories Production , Manufacturing , Maintenance"
 Accounting Specialist,0 - 3 yrs, Analyst| ERP| Change management| Business objects| Managed services| Business process mapping| Executive management| Data mining| oracle project accounting| Testing,Accounts,Pune,"Accounts , Finance , Tax , Company Secretary , Audit","IT-Software, Software Services",Accounts Executive/Accountant,73.8544541,18.521428,4227," Analyst| ERP| Change management| Business objects| Managed services| Business process mapping| Executive management| Data mining| oracle project accounting| Testing Accounts Executive/Accountant IT-Software, Software Services Accounts , Finance , Tax , Company Secretary , Audit"
 Manager (Service Operation),8 - 12 yrs, ERP| Succession Planning| MIS| Reports| Talent Management| Human Resources| HR Policies| Recruitment| Talent Acquisition,HR/ Recruitment / IR,Chennai,"HR , Recruitment , Administration , IR","Construction, Engineering, Cement, Metals",Training Manager,80.270186,13.0836939,5688," ERP| Succession Planning| MIS| Reports| Talent Management| Human Resources| HR Policies| Recruitment| Talent Acquisition Training Manager Construction, Engineering, Cement, Metals HR , Recruitment , Administration , IR"
 DevOps Engineer Intern,0 - 1 yrs, Intern| Linux| Windows| Unix| DNS| C++| Perl| IIS| Redhat| HTTP,Programming & Design,Hyderabad,"IT Software - Application Programming , Maintenance","IT-Software, Software Services",Software Developer,78.4740613,17.360589,5179," Intern| Linux| Windows| Unix| DNS| C++| Perl| IIS| Redhat| HTTP Software Developer IT-Software, Software Services IT Software - Application Programming , Maintenance"
 PHP Developer (wordpress & Woo Commerce/shopify / Magento),2 - 5 yrs, C| Woocommerce| Magento| Wordpress| MySQL| PHP| Shopify| JQuery| Web Development| Ajax,Programming & Design,Ahmedabad,"IT Software - Application Programming , Maintenance","IT-Software, Software Services",Software Developer,72.5797068,23.0216238,6185," C| Woocommerce| Magento| Wordpress| MySQL| PHP| Shopify| JQuery| Web Development| Ajax Software Developer IT-Software, Software Services IT Software - Application Programming , Maintenance"
 Java Developer,1 - 2 yrs, CSS| Singleton| XML| Javascript| JDBC| Struts| JSON| HTML| Spring Boot| JQuery,Programming & Design,Mumbai,"IT Software - Application Programming , Maintenance","IT-Software, Software Services",Software Developer,72.8773928,19.0759899,4877," CSS| Singleton| XML| Javascript| JDBC| Struts| JSON| HTML| Spring Boot| JQuery Software Developer IT-Software, Software Services IT Software - Application Programming , Maintenance"
 Sr. Manager- Business Development,15 - 22 yrs, Business Development Management| Bd| Marketing| business development| Projects| business development manager| bdm| Tendering| Proposal,Corporate Sales,Ahmedabad,"Sales , Retail , Business Development","Construction, Engineering, Cement, Metals",Sales/Business Development Manager,72.5797068,23.0216238,6269," Business Development Management| Bd| Marketing| business development| Projects| business development manager| bdm| Tendering| Proposal Sales/Business Development Manager Construction, Engineering, Cement, Metals Sales , Retail , Business Development"
 Test Principal Engineer,8 - 10 yrs, Ethical Hacking| Certified Ethical Hacker| Networking Protocols| Penetration Testing| Nessus| NMAP| Fortify| Vulnerability Assessment| Appscan| Qualys,Programming & Design,Bengaluru,IT Software - QA & Testing,"IT-Software, Software Services",Testing Engineer,77.590082,12.9767936,1586," Ethical Hacking| Certified Ethical Hacker| Networking Protocols| Penetration Testing| Nessus| NMAP| Fortify| Vulnerability Assessment| Appscan| Qualys Testing Engineer IT-Software, Software Services IT Software - QA & Testing"
 Graphic Designer,2 - 7 yrs, Graphic designing| Graphics| adobe creative suite| Architecture| MS Office| Business Executive,Creative,Ahmedabad,"Design , Creative , User Experience","Architecture, Interior Design",Graphic Designer,72.5797068,23.0216238,3076," Graphic designing| Graphics| adobe creative suite| Architecture| MS Office| Business Executive Graphic Designer Architecture, Interior Design Design , Creative , User Experience"
 Business Development Executive,1 - 3 yrs, Payment collection| Costing| Business Development Executive| Lead generation| Sales| Vendor| Cost,Corporate Sales,Bengaluru,"Sales , Retail , Business Development","Recruitment, Staffing",Sales Executive/Officer,77.590082,12.9767936,4264," Payment collection| Costing| Business Development Executive| Lead generation| Sales| Vendor| Cost Sales Executive/Officer Recruitment, Staffing Sales , Retail , Business Development"
 Animation Resident,2 - 6 yrs, Internship| Digital marketing| Social media| Relationship building| Animation| Creative| Indesign| Business Executive| Presentation skills| Senior,Advertising,Delhi,"Marketing , Advertising , MR , PR , Media Planning","Advertising, PR, MR, Event Management",Client Servicing Executive,77.2219388,28.6517178,2876," Internship| Digital marketing| Social media| Relationship building| Animation| Creative| Indesign| Business Executive| Presentation skills| Senior Client Servicing Executive Advertising, PR, MR, Event Management Marketing , Advertising , MR , PR , Media Planning"
Enterprise Business Development Representative, 1 - 3 Years,market penetration|marketing|customer satisfaction|enterprise business|web technologies|business development|strategy|aws|sales,Channel Sales,Bengaluru,"Sales , Retail , Business Development",IT-Software / Software Services,Sales Executive / Officer,77.590082,12.9767936,4577,"market penetration|marketing|customer satisfaction|enterprise business|web technologies|business development|strategy|aws|sales Sales Executive / Officer IT-Software / Software Services Sales , Retail , Business Development"
 Dot Net Developer,2 - 5 yrs, jquery| git| microsoft sql server| net asp net| software| testing| ado.net| microsoft| tools| sql| unit tests| database| application| web| design| .net| object oriented programming| support| programming,Programming & Design,"Chennai,Gurgaon","IT Software - Application Programming , Maintenance","IT-Software, Software Services",Software Developer,79.8077463,11.9256207,4154," jquery| git| microsoft sql server| net asp net| software| testing| ado.net| microsoft| tools| sql| unit tests| database| application| web| design| .net| object oriented programming| support| programming Software Developer IT-Software, Software Services IT Software - Application Programming , Maintenance"
" Urgent Opening for ""US Staffing Professionals"" - Noida",1 - 5 yrs, technical recruitment| us staffing| us recruitment| us recruiter| us it staffing| technical recruiter| it recruiter| recruiter| w2| c2c| talent acquisition| recruitment| staffing| sourcing,HR/ Recruitment / IR,"Delhi NCR,Noida","HR , Recruitment , Administration , IR","Recruitment, Staffing",Recruitment Executive,121.0977529,14.6719732,2548," technical recruitment| us staffing| us recruitment| us recruiter| us it staffing| technical recruiter| it recruiter| recruiter| w2| c2c| talent acquisition| recruitment| staffing| sourcing Recruitment Executive Recruitment, Staffing HR , Recruitment , Administration , IR"
 Front Office Executive-Noida,1 - 2 yrs, Front Office Executive,,Noida,"Executive Assistant , Front Office , Data Entry","Recruitment, Staffing",Receptionist,77.3271074,28.5707841,2882," Front Office Executive Receptionist Recruitment, Staffing Executive Assistant , Front Office , Data Entry"
 Project Executive/coordinator,2 - 4 yrs, Project Administration| Coordination,Sales Support,Delhi (Bhikaji Cama) ,"Sales , Retail , Business Development","Industrial Products, Heavy Machinery",Sales Coordinator,77.1878709,28.5702618,6053," Project Administration| Coordination Sales Coordinator Industrial Products, Heavy Machinery Sales , Retail , Business Development"
 Sterling OMS Architect,5 - 10 yrs, Order Management system| Sterling Commerce| Sterling| OMS| Sterling Integrator| ecommerce| E - commerce,System Design/Implementation/ERP/CRM,Chennai,"IT Software - eCommerce , Internet Technologies","IT-Software, Software Services",Solution Architect / Enterprise Architect,80.270186,13.0836939,1889," Order Management system| Sterling Commerce| Sterling| OMS| Sterling Integrator| ecommerce| E - commerce Solution Architect / Enterprise Architect IT-Software, Software Services IT Software - eCommerce , Internet Technologies"
 Dot net Developer,3 - 5 yrs, analytical| documentation| web development| algorithms| development| javascript| sql server| jquery| database| web| flex| design| mysql| net,Programming & Design,"Gurgaon,Gurgaon","IT Software - Application Programming , Maintenance","IT-Software, Software Services",Software Developer,77.00270015,28.42826235,6744," analytical| documentation| web development| algorithms| development| javascript| sql server| jquery| database| web| flex| design| mysql| net Software Developer IT-Software, Software Services IT Software - Application Programming , Maintenance"
 Centreless Grinding Operator ,4 - 8 yrs, NCTVT,Production/Manufacturing/Maintenance,Pune,"Production , Manufacturing , Maintenance","Internet, Ecommerce",Workman/Foreman/Technician,73.8544541,18.521428,1586," NCTVT Workman/Foreman/Technician Internet, Ecommerce Production , Manufacturing , Maintenance"
 PHP Developer Jobs In Gurgaon - Team Lead - PHP,8 - 13 yrs, Drupal| Application programming| MySQL| Wordpress| PHP| CakePHP| Team Leader| MVC| Zend| Software services,Programming & Design,Gurgaon,"IT Software - Application Programming , Maintenance","Recruitment, Staffing",Software Developer,77.00270015,28.42826235,5161," Drupal| Application programming| MySQL| Wordpress| PHP| CakePHP| Team Leader| MVC| Zend| Software services Software Developer Recruitment, Staffing IT Software - Application Programming , Maintenance"
 Sales Lead,3 - 7 yrs, Outbound| Sales| Project management| Analytical| Sales Lead| Automation tools| Sales process| marketing automation,Retail Sales,Bengaluru,"Sales , Retail , Business Development","Internet, Ecommerce",Sales Executive/Officer,77.590082,12.9767936,5684," Outbound| Sales| Project management| Analytical| Sales Lead| Automation tools| Sales process| marketing automation Sales Executive/Officer Internet, Ecommerce Sales , Retail , Business Development"
 Clerk - Garh Shankar (Vacancy-1),Not Mentioned,vide,,Chandigarh,"Executive Assistant , Front Office , Data Entry","Government, Defence",,76.7797143,30.7334421,4488,"vide  Government, Defence Executive Assistant , Front Office , Data Entry"
 Senior Design Engineer - Manufacturing,6 - 8 yrs, AutoCAD| 3D Modeling| FMEA| Mechanical Engineering| Mechanical Design| SolidWorks,Production/Manufacturing/Maintenance,Pune,"Production , Manufacturing , Maintenance","Industrial Products, Heavy Machinery",Design Engineer/Manager,73.8544541,18.521428,3248," AutoCAD| 3D Modeling| FMEA| Mechanical Engineering| Mechanical Design| SolidWorks Design Engineer/Manager Industrial Products, Heavy Machinery Production , Manufacturing , Maintenance"
 Software Engineer Automation - Industrial Automation Job In Bangalore,3 - 5 yrs, Automation Engineer,Engineering Design,Bengaluru,"Engineering Design , R&D","Industrial Products, Heavy Machinery",Technical Lead/Project Lead,77.590082,12.9767936,2265," Automation Engineer Technical Lead/Project Lead Industrial Products, Heavy Machinery Engineering Design , R&D"
 Looking For Assistant Manager - Healthcare (US Visa is Must),5 - 10 yrs, Revenue Cycle Management| US Healthcare| Payment Posting| Medical Billing| Medical Coding| us visa| Team Leading Skills| Healthcare| Denial Management| RCM,Back Office/Web/Transaction Processing,Chennai,"ITES , BPO , KPO , LPO , Customer Service , Operations","Medical, Healthcare, Hospitals",Team Leader -(NonTechnical),80.270186,13.0836939,1569," Revenue Cycle Management| US Healthcare| Payment Posting| Medical Billing| Medical Coding| us visa| Team Leading Skills| Healthcare| Denial Management| RCM Team Leader -(NonTechnical) Medical, Healthcare, Hospitals ITES , BPO , KPO , LPO , Customer Service , Operations"
 Senior Accounts Executive,4 - 8 yrs,vide,Accounts,Kolkata,"Accounts , Finance , Tax , Company Secretary , Audit","Recruitment, Staffing",Accounts Executive/Accountant,88.35769124,22.5414185,3724,"vide Accounts Executive/Accountant Recruitment, Staffing Accounts , Finance , Tax , Company Secretary , Audit"
 QA for Voice Process (LE-0097-N1C),2 - 6 yrs, Voice process| qaqc| Writing| Process operations| Verbal,Quality,Pune,"ITES , BPO , KPO , LPO , Customer Service , Operations","Internet, Ecommerce",Quality Assurance/Quality Control Executive,73.8544541,18.521428,3930," Voice process| qaqc| Writing| Process operations| Verbal Quality Assurance/Quality Control Executive Internet, Ecommerce ITES , BPO , KPO , LPO , Customer Service , Operations"
" Senior Resident - Obs. & Gynae, Max Hospital, Gurgaon",0 - 3 yrs, Patient Care| Nursing| People Orientation| Report Generation| Service Quality| Disaster Management| Customer Care| Medical| Process Orientation,,Delhi NCR,Other,"Medical, Healthcare, Hospitals",Other,77.1212148,28.6882438,3934," Patient Care| Nursing| People Orientation| Report Generation| Service Quality| Disaster Management| Customer Care| Medical| Process Orientation Other Medical, Healthcare, Hospitals Other"
 Manager/senior Manager- Analytics- Life & Annuities - Insurance Domain,4 - 9 yrs, Predictive Modeling| SAS| Data Management| Data Mining| Tableau| Data Analytics| Statistics| Analytics| SQL| Python,Analytics & BI,Gurgaon,Analytics & Business Intelligence,"IT-Software, Software Services",Analytics Manager,77.00270015,28.42826235,6023," Predictive Modeling| SAS| Data Management| Data Mining| Tableau| Data Analytics| Statistics| Analytics| SQL| Python Analytics Manager IT-Software, Software Services Analytics & Business Intelligence"
 Executive Medical Coder,0 - 0 yrs, molecular biology| chemistry| biotechnology| bhms| biology| Physiotherapy| microbiology| nursing| biomedical| Physics| medical coding| biochemistry| pharmacy| Ophthalmology| micro biology| Bioinformatics| zoology| biotech,Other,"Chennai,Thanjavur,Karur,Salem,Hosur,Coimbatore","ITES , BPO , KPO , LPO , Customer Service , Operations","Medical, Healthcare, Hospitals",Trainee,,,4388," molecular biology| chemistry| biotechnology| bhms| biology| Physiotherapy| microbiology| nursing| biomedical| Physics| medical coding| biochemistry| pharmacy| Ophthalmology| micro biology| Bioinformatics| zoology| biotech Trainee Medical, Healthcare, Hospitals ITES , BPO , KPO , LPO , Customer Service , Operations"
 Account Assistant,3 - 5 yrs, accounts executive| accountant| Stock Management| gst| auditing| Statutory Compliance| accounting| Account Assistant| Bank Reconciliation| tax audit| banking| monthly reports| Payroll| salary processing| income tax| Income Tax Return| taxation,Accounts,Pune,"Accounts , Finance , Tax , Company Secretary , Audit","Architecture, Interior Design",Accounts Executive/Accountant,73.8544541,18.521428,2776," accounts executive| accountant| Stock Management| gst| auditing| Statutory Compliance| accounting| Account Assistant| Bank Reconciliation| tax audit| banking| monthly reports| Payroll| salary processing| income tax| Income Tax Return| taxation Accounts Executive/Accountant Architecture, Interior Design Accounts , Finance , Tax , Company Secretary , Audit"
 Informatica Faculty Job Requirement in Hyderabad,1 - 6 yrs, Informatica Power Center| Informatica,Programming & Design,Hyderabad,"IT Software - DBA , Datawarehousing","IT-Software, Software Services",Software Developer,78.4740613,17.360589,1900," Informatica Power Center| Informatica Software Developer IT-Software, Software Services IT Software - DBA , Datawarehousing"
 SEO Expert/ Digital Marketing Gurgaon,2 - 4 yrs, digital marketing| seo specialist| advertising agency| online marketing| seo| seo expert| facebook marketing,Online/Digital Marketing,Gurgaon,"Marketing , Advertising , MR , PR , Media Planning","Advertising, PR, MR, Event Management",Search Engine Optimisation /SEO Specialist,77.00270015,28.42826235,3304," digital marketing| seo specialist| advertising agency| online marketing| seo| seo expert| facebook marketing Search Engine Optimisation /SEO Specialist Advertising, PR, MR, Event Management Marketing , Advertising , MR , PR , Media Planning"
 Head Engineering,5 - 10 yrs, Validation| Installation| Breakdown Maintenance| Industrial Safety| gmp| Boiler| Design| HVAC| Gensets| Air Compressor| Breakdown| RO| who,Production/Manufacturing/Maintenance,Delhi,"Production , Manufacturing , Maintenance","Pharma, Biotech, Clinical Research",Engineering Manager,77.2219388,28.6517178,6496," Validation| Installation| Breakdown Maintenance| Industrial Safety| gmp| Boiler| Design| HVAC| Gensets| Air Compressor| Breakdown| RO| who Engineering Manager Pharma, Biotech, Clinical Research Production , Manufacturing , Maintenance"
 Business Development Executive,5 - 10 yrs, Forecasting,Finance/Audit,Delhi,"Accounts , Finance , Tax , Company Secretary , Audit","Oil and Gas, Energy, Power, Infrastructure",Financial Analyst,77.2219388,28.6517178,3327," Forecasting Financial Analyst Oil and Gas, Energy, Power, Infrastructure Accounts , Finance , Tax , Company Secretary , Audit"
 PPC Executive,3 - 7 yrs, Pay Per Click| Google AdWords| Search Engine Marketing| PPC| SEM| Google Analytics| Website Analysis| Yahoo| Web Analytics| Marketing Initiatives,Online/Digital Marketing,Gurgaon,"Marketing , Advertising , MR , PR , Media Planning","IT-Software, Software Services",PPC /Pay Per Click Specialist,77.00270015,28.42826235,5858," Pay Per Click| Google AdWords| Search Engine Marketing| PPC| SEM| Google Analytics| Website Analysis| Yahoo| Web Analytics| Marketing Initiatives PPC /Pay Per Click Specialist IT-Software, Software Services Marketing , Advertising , MR , PR , Media Planning"
 Opening For the post of Mr/territory Business Manager in An Pharma,0 - 2 yrs, marketing officer| pharma sales| Marketing Representative| marketing executive| pharma marketing| sales officer| sales representative| business development executive| Fresher| trainee| sales executive,Retail Sales,"Delhi NCR,Delhi","Sales , Retail , Business Development","Pharma, Biotech, Clinical Research",Medical Representative,121.0977529,14.6719732,6677," marketing officer| pharma sales| Marketing Representative| marketing executive| pharma marketing| sales officer| sales representative| business development executive| Fresher| trainee| sales executive Medical Representative Pharma, Biotech, Clinical Research Sales , Retail , Business Development"
 Deputy Manager - Program Management,2 - 6 yrs, Project management| PPAP| Automotive| External audit| Conflict resolution| Resource mobilization| PFMEA| Risk management| Project life cycle,Production/Manufacturing/Maintenance,Pune,"Production , Manufacturing , Maintenance","Industrial Products, Heavy Machinery",Project Manager-Production/Manufacturing/Maintenance,73.8544541,18.521428,6256," Project management| PPAP| Automotive| External audit| Conflict resolution| Resource mobilization| PFMEA| Risk management| Project life cycle Project Manager-Production/Manufacturing/Maintenance Industrial Products, Heavy Machinery Production , Manufacturing , Maintenance"
 Public Relations Manager - Bangalore,6 - 11 yrs, PR| Public Relations| Media Relations| Social Media| Marketing Communication| corporate communication| media relation| corp comm| Online Media| public relation| Journalism| Advertising| mass communication,Public Relations,Bengaluru,"Marketing , Advertising , MR , PR , Media Planning","Advertising, PR, MR, Event Management",Public Relations & Media Relations Manager,77.590082,12.9767936,2980," PR| Public Relations| Media Relations| Social Media| Marketing Communication| corporate communication| media relation| corp comm| Online Media| public relation| Journalism| Advertising| mass communication Public Relations & Media Relations Manager Advertising, PR, MR, Event Management Marketing , Advertising , MR , PR , Media Planning"
 Female Fresher's Counsellor- Gurgaon,0 - 1 yrs, counselling| couselling| fresher| student counsellor| student counseling,Other,Gurgaon,"ITES , BPO , KPO , LPO , Customer Service , Operations","Education, Teaching, Training",Fresher,77.00270015,28.42826235,3203," counselling| couselling| fresher| student counsellor| student counseling Fresher Education, Teaching, Training ITES , BPO , KPO , LPO , Customer Service , Operations"
 BE Chemical - Fresher,0 - 2 yrs, Help Desk| Customer Service| customer relationship| access controls| Asset Management| Vendor Management,Other,"Ahmedabad,Bharuch","Production , Manufacturing , Maintenance","Recruitment, Staffing",Fresher,72.9384385,21.7379333,2117," Help Desk| Customer Service| customer relationship| access controls| Asset Management| Vendor Management Fresher Recruitment, Staffing Production , Manufacturing , Maintenance"
 Senior .Net Developer For Leading IT Company in Gurgaon,2 - 7 yrs, asp dot net| .net developer| Dot Net Developer| asp.net| asp . net,Programming & Design,"Delhi NCR,Gurgaon,Delhi","IT Software - Application Programming , Maintenance","IT-Software, Software Services",Software Developer,,,4640," asp dot net| .net developer| Dot Net Developer| asp.net| asp . net Software Developer IT-Software, Software Services IT Software - Application Programming , Maintenance"
 Hiring a Valuation Associate (female Only),0 - 4 yrs, Secondary Research| Valuation| Finance| Real Estate| Primary| Report Preparation| Business Development| Due Diligence| Financial Modelling,Other,Gurgaon,Analytics & Business Intelligence,"Real Estate, Property",Other,77.00270015,28.42826235,6276," Secondary Research| Valuation| Finance| Real Estate| Primary| Report Preparation| Business Development| Due Diligence| Financial Modelling Other Real Estate, Property Analytics & Business Intelligence"
 Merchandising & Marketing- Professor,10 - 12 yrs, Teaching| Educator| Counselor| Mentor| Trainer| Advisor,University Level,Pune,"Teaching , Education , Training , Counselling","Education, Teaching, Training",Lecturer/Professor,73.8544541,18.521428,5173," Teaching| Educator| Counselor| Mentor| Trainer| Advisor Lecturer/Professor Education, Teaching, Training Teaching , Education , Training , Counselling"
 Medical Transcriber,3 - 5 yrs, X - Ray| Medical Transcription| Ultrasound| CT Scan,Drug Regulatory Affairs/Documentation,Delhi,"Medical , Healthcare , R&D , Pharmaceuticals , Biotechnology","Medical, Healthcare, Hospitals",Documentation/Medical Writing,77.2219388,28.6517178,6125," X - Ray| Medical Transcription| Ultrasound| CT Scan Documentation/Medical Writing Medical, Healthcare, Hospitals Medical , Healthcare , R&D , Pharmaceuticals , Biotechnology"
 PHP Developer,0 - 3 yrs, cms| javascript| wordpress| drupal| joomla| ajax| cakephp| zend| knowledge| xhtml,Programming & Design,"Noida,Noida/Greater Noida","IT Software - Application Programming , Maintenance","IT-Software, Software Services",Software Developer,77.3327483,28.54322285,5518," cms| javascript| wordpress| drupal| joomla| ajax| cakephp| zend| knowledge| xhtml Software Developer IT-Software, Software Services IT Software - Application Programming , Maintenance"
 Business Development Manager,1 - 2 yrs, Sales| Management| Sales management| Educational sales,Retail Sales,Noida,"Sales , Retail , Business Development","Education, Teaching, Training",Sales/Business Development Manager,77.3271074,28.5707841,5099," Sales| Management| Sales management| Educational sales Sales/Business Development Manager Education, Teaching, Training Sales , Retail , Business Development"
 Looking for a Job Change With a good package,1 - 5 yrs, Outbound| Antivirus| Technical support| Technical Support Associate| process| Sales| Inbound calls| US shift| Comp,Voice,Kolkata,"ITES , BPO , KPO , LPO , Customer Service , Operations","IT-Software, Software Services",Associate/Senior Associate -(NonTechnical),88.35769124,22.5414185,5809," Outbound| Antivirus| Technical support| Technical Support Associate| process| Sales| Inbound calls| US shift| Comp Associate/Senior Associate -(NonTechnical) IT-Software, Software Services ITES , BPO , KPO , LPO , Customer Service , Operations"
 Huge Requirement for Customer Care Executive with Fixed Salary,0 - 2 yrs, Technical support| English| Comp| Customer Care Executive| Inbound calls| Antivirus| Issue| Software,Voice,Kolkata,"ITES , BPO , KPO , LPO , Customer Service , Operations","IT-Software, Software Services",Associate/Senior Associate -(NonTechnical),88.35769124,22.5414185,4466," Technical support| English| Comp| Customer Care Executive| Inbound calls| Antivirus| Issue| Software Associate/Senior Associate -(NonTechnical) IT-Software, Software Services ITES , BPO , KPO , LPO , Customer Service , Operations"
Assistant Manager – BI&I (data Automation), 5 - 7 Years,C#|Application Development|Senior Level|MS SQL|Visual Basic|Power Bi|MSBI|SSIS|Recruitment|Data Integration,Admin/Maintenance/Security/Datawarehousing, Mumbai,"IT Software - Application Programming , Maintenance",Banking / Financial Services / Broking,IT/Networking-Manager,72.8773928,19.0759899,1565,"C#|Application Development|Senior Level|MS SQL|Visual Basic|Power Bi|MSBI|SSIS|Recruitment|Data Integration IT/Networking-Manager Banking / Financial Services / Broking IT Software - Application Programming , Maintenance"
 Field Sales Executive,0 - 2 yrs, Escalation management| Field Sales Executive| Sales achievement| Training| Insurance sales,Retail Sales,Ghaziabad,"Sales , Retail , Business Development","Real Estate, Property",Sales Executive/Officer,77.45268496,28.7218316,3150," Escalation management| Field Sales Executive| Sales achievement| Training| Insurance sales Sales Executive/Officer Real Estate, Property Sales , Retail , Business Development"
 Sr. Manager Sales Capability Building,10 - 15 yrs, Team management| Salesforce| Usage| Sales| Skill development| Training| Productivity improvement| Training management| Sales budgeting| TSI,Sales Support,Kolkata,"Sales , Retail , Business Development","FMCG, Foods, Beverage",Sales Trainer,88.35769124,22.5414185,3702," Team management| Salesforce| Usage| Sales| Skill development| Training| Productivity improvement| Training management| Sales budgeting| TSI Sales Trainer FMCG, Foods, Beverage Sales , Retail , Business Development"
 Service Ops Expert - Servc Del | Microland,2 - 5 yrs, Networking| Unix| Change management| Scheduling| Publishing| Incident management| VMware| Problem management| Remedy| SIP,Voice,Mumbai,"ITES , BPO , KPO , LPO , Customer Service , Operations","IT-Software, Software Services",Associate/Senior Associate -(Technical),72.8773928,19.0759899,5079," Networking| Unix| Change management| Scheduling| Publishing| Incident management| VMware| Problem management| Remedy| SIP Associate/Senior Associate -(Technical) IT-Software, Software Services ITES , BPO , KPO , LPO , Customer Service , Operations"
 Regional Trainer - Skin for Wellness & Beauty Industry (only Females),4 - 9 yrs, planning| training| training manager| trainer| faculty,Teachers,"Ahmedabad,Indore","Teaching , Education , Training , Counselling","Wellness , Fitness , Sports, Beauty",Trainer,75.8226156,22.7066324,6619," planning| training| training manager| trainer| faculty Trainer Wellness , Fitness , Sports, Beauty Teaching , Education , Training , Counselling"
 Sales Manager,3 - 6 yrs, Sales| Billing| MS Office| Business reporting| Insurance sales| MIS preparation| Usage| Corporate| Networking| Retail,Retail Sales,Chandigarh,"Sales , Retail , Business Development","IT-Software, Software Services",Sales/Business Development Manager,76.7797143,30.7334421,4874," Sales| Billing| MS Office| Business reporting| Insurance sales| MIS preparation| Usage| Corporate| Networking| Retail Sales/Business Development Manager IT-Software, Software Services Sales , Retail , Business Development"
 Field Support Team-Supervisor,4 - 5 yrs, customer support| support service| field support| team| management| supervisor| self motivated| continuous improvement| give| enthusiastic,Admin/Maintenance/Security/Datawarehousing,"Ahmedabad,Ahmedabad","IT Software - Application Programming , Maintenance",Other,Technical Support Engineer,72.5797068,23.0216238,5698," customer support| support service| field support| team| management| supervisor| self motivated| continuous improvement| give| enthusiastic Technical Support Engineer Other IT Software - Application Programming , Maintenance"
 Sr. C# Developer,1 - 6 yrs, Javascript| SQL| XML| server| css| technical| software| developing| HTML| tracking| database| web| Application development| net| programming| Ajax| development| DOM| solid| data integrity| Stored procedures| Reporting tools| application| applications,Programming & Design,Ahmedabad,"IT Software - Application Programming , Maintenance","IT-Software, Software Services",Software Developer,72.5797068,23.0216238,5162," Javascript| SQL| XML| server| css| technical| software| developing| HTML| tracking| database| web| Application development| net| programming| Ajax| development| DOM| solid| data integrity| Stored procedures| Reporting tools| application| applications Software Developer IT-Software, Software Services IT Software - Application Programming , Maintenance"
 Sr Structural Engineer,5 - 10 yrs, Senior Design Engineer| Engineering Design| SACS,Engineering Design,Mumbai,"Engineering Design , R&D","Strategy, Management Consulting Firms",Senior Design Engineer,72.8773928,19.0759899,4160," Senior Design Engineer| Engineering Design| SACS Senior Design Engineer Strategy, Management Consulting Firms Engineering Design , R&D"
 IT Security Head ,4 - 8 yrs, C| Python| Six Sigma| PMP| .NET| HTML| JavaScript| SQL| Oracle| assembly language| Real Time Operating Systems,Senior Management,Hyderabad,"IT Software - Network Administration , Security","IT-Software, Software Services",Head/VP/GM-Technology(IT)/CTO,78.4740613,17.360589,3495," C| Python| Six Sigma| PMP| .NET| HTML| JavaScript| SQL| Oracle| assembly language| Real Time Operating Systems Head/VP/GM-Technology(IT)/CTO IT-Software, Software Services IT Software - Network Administration , Security"
 Technical Support Executive,2 - 5 yrs, Technical Support Executive| Electrical engineering,Voice,Pune,"ITES , BPO , KPO , LPO , Customer Service , Operations","Internet, Ecommerce",Associate/Senior Associate -(Technical),73.8544541,18.521428,5049," Technical Support Executive| Electrical engineering Associate/Senior Associate -(Technical) Internet, Ecommerce ITES , BPO , KPO , LPO , Customer Service , Operations"
 Analyst - Business Intelligence,1 - 3 yrs, Data analysis| Automation| Google Analytics| Excel| Analytical| Business intelligence| Analytics| Product marketing| SQL| Data extraction,System Design/Implementation/ERP/CRM,Mumbai,"IT Software - Application Programming , Maintenance","IT-Software, Software Services",Business Analyst,72.8773928,19.0759899,6346," Data analysis| Automation| Google Analytics| Excel| Analytical| Business intelligence| Analytics| Product marketing| SQL| Data extraction Business Analyst IT-Software, Software Services IT Software - Application Programming , Maintenance"
Nokia WING Circuit Core - SMSC Engineer, 5 - 10 Years,Detail Design|Juniper|SMSC Engineer|Routing|IP Networking|Network Elements|Network Troubleshooting|High Level Design|Data Center|Switching,Programming & Design,Noida,"IT Software - Network Administration , Security",Telecom / ISP,Software Developer,77.3271074,28.5707841,2040,"Detail Design|Juniper|SMSC Engineer|Routing|IP Networking|Network Elements|Network Troubleshooting|High Level Design|Data Center|Switching Software Developer Telecom / ISP IT Software - Network Administration , Security"
 Assistant Restaurant Manager / Restaurant Manager,5 - 7 yrs, assistant restaurant manager| restaurant| restaurant manager,Food & Beverage,Delhi NCR,"Hotels , Restaurants","Travel , Hotels , Restaurants , Airlines , Railways",Restaurant Manager,77.1212148,28.6882438,4142," assistant restaurant manager| restaurant| restaurant manager Restaurant Manager Travel , Hotels , Restaurants , Airlines , Railways Hotels , Restaurants"
 Digital / Web Artist,0 - 3 yrs, layout| visualization| digital media| graphic design| html| illustration| tools| part time,Creative,"Mumbai,Mumbai","Design , Creative , User Experience","Advertising, PR, MR, Event Management",Graphic Designer,72.8773928,19.0759899,2409," layout| visualization| digital media| graphic design| html| illustration| tools| part time Graphic Designer Advertising, PR, MR, Event Management Design , Creative , User Experience"
 Business Development Manager,2 - 7 yrs, selling| accounts| events| prospecting| business operations| ideas| coordinating| tracking| closing| maintaining,Senior Management,"Mumbai,Mumbai","Sales , Retail , Business Development","IT-Software, Software Services",Head/VP/GM/National Manager -Sales,72.8773928,19.0759899,5623," selling| accounts| events| prospecting| business operations| ideas| coordinating| tracking| closing| maintaining Head/VP/GM/National Manager -Sales IT-Software, Software Services Sales , Retail , Business Development"
 Web/ GUI Designer,3 - 5 yrs, photoshop| illustrator| seo| jquery| fireworks| css3| gui| usability| development| static,Creative,Gurgaon,"Design , Creative , User Experience","IT-Software, Software Services",Web Designer,77.00270015,28.42826235,3031," photoshop| illustrator| seo| jquery| fireworks| css3| gui| usability| development| static Web Designer IT-Software, Software Services Design , Creative , User Experience"
" Web Designer - Html, CSS, Bootstrap, Photoshop",1 - 3 yrs, Photoshop| HTML| Wordpress| CSS3| bootstrap| Web technologies| html5| CSS,Programming & Design,Ahmedabad,"IT Software - eCommerce , Internet Technologies","Recruitment, Staffing",Graphic/Web Designer,72.5797068,23.0216238,5617," Photoshop| HTML| Wordpress| CSS3| bootstrap| Web technologies| html5| CSS Graphic/Web Designer Recruitment, Staffing IT Software - eCommerce , Internet Technologies"
 Python Developer,1 - 3 yrs, Python,Programming & Design,Chennai,"IT Software - Application Programming , Maintenance","Recruitment, Staffing",Software Developer,80.270186,13.0836939,6417," Python Software Developer Recruitment, Staffing IT Software - Application Programming , Maintenance"
 Web Designer,4 - 5 yrs, server| multimedia| troubleshooting| graphics| audio| monitoring| javascript| jquery| user interface| css3,Programming & Design,Ahmedabad,"IT Software - eCommerce , Internet Technologies","IT-Software, Software Services",Graphic/Web Designer,72.5797068,23.0216238,6991," server| multimedia| troubleshooting| graphics| audio| monitoring| javascript| jquery| user interface| css3 Graphic/Web Designer IT-Software, Software Services IT Software - eCommerce , Internet Technologies"
 AVP- FX MO,8 - 10 yrs, Senior management| MIS reporting| Building| Training| Management| Risk| Vice President| Focus| Trade| Associate Vice President,Senior Management,Mumbai,"Financial Services , Banking , Investments , Insurance","Recruitment, Staffing",Head/VP/GM-Operations,72.8773928,19.0759899,2171," Senior management| MIS reporting| Building| Training| Management| Risk| Vice President| Focus| Trade| Associate Vice President Head/VP/GM-Operations Recruitment, Staffing Financial Services , Banking , Investments , Insurance"
 Cluster Sales Head - Tied Channel &amp; Affinity Alliances - Health Insura,4 - 9 yrs, Sales Head| Tied Channel| Sales| Business Growth| Profitability| Business Operations| New Business| Alliances,Senior Management,"Delhi NCR,Mumbai,Pune,Ahmedabad,Nagpur,Nashik,Gujarat,Maharashtra","Sales , Retail , Business Development",Insurance,Head/VP/GM/National Manager -Sales,,,4449," Sales Head| Tied Channel| Sales| Business Growth| Profitability| Business Operations| New Business| Alliances Head/VP/GM/National Manager -Sales Insurance Sales , Retail , Business Development"
 Head - Project Management,15 - 20 yrs, Project Management,Senior Management,Delhi NCR,"Production , Manufacturing , Maintenance","Real Estate, Property",Head/VP/GM-Operations,77.1212148,28.6882438,1704," Project Management Head/VP/GM-Operations Real Estate, Property Production , Manufacturing , Maintenance"
 Walk- In For Development QA/ Regulatory Affairs,4 - 8 yrs, QA| Life Sciences| development quality assurance| Life Cycle| Regulatory Affairs| DQA| QMS| Dmf,R&D,Hyderabad,"Medical , Healthcare , R&D , Pharmaceuticals , Biotechnology","Pharma, Biotech, Clinical Research",Research Scientist,78.4740613,17.360589,6937," QA| Life Sciences| development quality assurance| Life Cycle| Regulatory Affairs| DQA| QMS| Dmf Research Scientist Pharma, Biotech, Clinical Research Medical , Healthcare , R&D , Pharmaceuticals , Biotechnology"
 Manager Accounts-wazirpur-mba-finance-salary-35k(export House exp),10 - 14 yrs, accounting| finance| financial reporting| statutory compliance| gst| vat,Accounts,Delhi NCR,"Accounts , Finance , Tax , Company Secretary , Audit",Iron and Steel,Accounts Manager,77.1212148,28.6882438,2770," accounting| finance| financial reporting| statutory compliance| gst| vat Accounts Manager Iron and Steel Accounts , Finance , Tax , Company Secretary , Audit"
 Team Leader- Head Digital Prtnrshp & BD,8 - 12 yrs, Data analysis| Consumer research| Management| Head Business Development,Retail Sales,Mumbai,"Sales , Retail , Business Development","Construction, Engineering, Cement, Metals",Sales/Business Development Manager,72.8773928,19.0759899,6205," Data analysis| Consumer research| Management| Head Business Development Sales/Business Development Manager Construction, Engineering, Cement, Metals Sales , Retail , Business Development"
 DWH Tester - Manual Testing,4 - 6 yrs, Testing| Quality| Manual Testing| ETL| BI| DW| Datawarehouse Testing,Programming & Design,"Delhi NCR,Gurgaon",IT Software - QA & Testing,"IT-Software, Software Services",Testing Engineer,77.10436033,28.42208445,1918," Testing| Quality| Manual Testing| ETL| BI| DW| Datawarehouse Testing Testing Engineer IT-Software, Software Services IT Software - QA & Testing"
 Quality Assurance Engineer,3 - 5 yrs, assembly language| Six Sigma| PMP| C| JavaScript| .NET| HTML| Oracle| Python| SQL,QA/Testing/Documentation,Hyderabad,"IT Software - Application Programming , Maintenance","IT-Software, Software Services",Quality Assurance/Quality Control Executive,78.4740613,17.360589,6652," assembly language| Six Sigma| PMP| C| JavaScript| .NET| HTML| Oracle| Python| SQL Quality Assurance/Quality Control Executive IT-Software, Software Services IT Software - Application Programming , Maintenance"
 Technical / Functional Skills,4 - 9 yrs, Product management| Business process| Linkedin| Automation| CV| Email| GIT| Technical| SDLC| Ideas,Institutional Sales,Mumbai,"Sales , Retail , Business Development","IT-Software, Software Services",Sales Executive/Officer,72.8773928,19.0759899,5227," Product management| Business process| Linkedin| Automation| CV| Email| GIT| Technical| SDLC| Ideas Sales Executive/Officer IT-Software, Software Services Sales , Retail , Business Development"
 Software Development / Software Engineer,2 - 4 yrs, ajax| javascript| php| erp| website| development| software development| module| mca| application development| application| web| programming,Programming & Design,Bengaluru,"IT Software - Application Programming , Maintenance","IT-Software, Software Services",Software Developer,77.590082,12.9767936,5554," ajax| javascript| php| erp| website| development| software development| module| mca| application development| application| web| programming Software Developer IT-Software, Software Services IT Software - Application Programming , Maintenance"
 Inbound Phone Banking Voice Process - Leading Bank - Noida,0 - 2 yrs, customer service| customer care| team| communication| bpo| call center| inbound| voice| backend| non voice| telecalling| cse| cro| cce| data entry| back office| voice process| domestic bpo| fresher| trainee| Telemarketing| Outbound| sales| hardware| networking,Voice,Noida,"ITES , BPO , KPO , LPO , Customer Service , Operations","Fresher, Trainee, Entry Level",Associate/Senior Associate -(NonTechnical),77.3271074,28.5707841,6440," customer service| customer care| team| communication| bpo| call center| inbound| voice| backend| non voice| telecalling| cse| cro| cce| data entry| back office| voice process| domestic bpo| fresher| trainee| Telemarketing| Outbound| sales| hardware| networking Associate/Senior Associate -(NonTechnical) Fresher, Trainee, Entry Level ITES , BPO , KPO , LPO , Customer Service , Operations"
Java Enterprise Edition, 2 - 4 Years,Oracle|Core Java|Business process|Outsourcing|Operations|spring integration|J2Ee|Spring framework|JEE|Manager Technology,Programming & Design, Mumbai,"IT Software - Application Programming , Maintenance",IT-Software / Software Services,Software Developer,72.8773928,19.0759899,1954,"Oracle|Core Java|Business process|Outsourcing|Operations|spring integration|J2Ee|Spring framework|JEE|Manager Technology Software Developer IT-Software / Software Services IT Software - Application Programming , Maintenance"
 Associate Clinical Data Processor,0 - 1 yrs, MS Office| Data entry,Voice,Mumbai,"ITES , BPO , KPO , LPO , Customer Service , Operations","Strategy, Management Consulting Firms",Associate/Senior Associate -(NonTechnical),72.8773928,19.0759899,5541," MS Office| Data entry Associate/Senior Associate -(NonTechnical) Strategy, Management Consulting Firms ITES , BPO , KPO , LPO , Customer Service , Operations"
 CRM,1 - 2 yrs, Customer relationship| Automobile| Proposal preparation| CRM strategy| Architecture| Database| Testing,Corporate Sales,Bengaluru,"Sales , Retail , Business Development","IT-Software, Software Services",Sales/Business Development Manager,77.590082,12.9767936,5386," Customer relationship| Automobile| Proposal preparation| CRM strategy| Architecture| Database| Testing Sales/Business Development Manager IT-Software, Software Services Sales , Retail , Business Development"
 Magento Developer,2 - 7 yrs, Unix| Version control| Prototype| XML| MySQL| PHP| JSON| MVC| Ajax| CSS3,Programming & Design,Ahmedabad,IT Software - System Programming,"BPO, Call Centre, ITeS",Software Developer,72.5797068,23.0216238,1965," Unix| Version control| Prototype| XML| MySQL| PHP| JSON| MVC| Ajax| CSS3 Software Developer BPO, Call Centre, ITeS IT Software - System Programming"
 Merchandiser,2 - 7 yrs, Merchandising| Buyer Activities| Follow Ups| Vendor| purchase| vendor development| tracking,Production/Merchandising/Business Development,"Thane,Mumbai,Navi Mumbai","Export , Import , Merchandising","Textiles, Garments, Accessories",Merchandiser,73.0198537,19.0308262,4456," Merchandising| Buyer Activities| Follow Ups| Vendor| purchase| vendor development| tracking Merchandiser Textiles, Garments, Accessories Export , Import , Merchandising"
 SIEM Analyst,2 - 5 yrs,vide,Admin/Maintenance/Security/Datawarehousing,"Hyderabad,Bengaluru","IT Software - Network Administration , Security","Recruitment, Staffing",System Security,77.6370384,13.023331,5150,"vide System Security Recruitment, Staffing IT Software - Network Administration , Security"
 Hiring ll Azure Devops and Management Lead ll Hyderabad,6 - 11 yrs, C#| Azure| Powershell| Script Writing| API| Debugging| Devops| Application Integration,Programming & Design,Hyderabad,"IT Software - Application Programming , Maintenance","IT-Software, Software Services",Team Lead/Technical Lead,78.4740613,17.360589,2275," C#| Azure| Powershell| Script Writing| API| Debugging| Devops| Application Integration Team Lead/Technical Lead IT-Software, Software Services IT Software - Application Programming , Maintenance"
 Senior Faculty - Information Design,15 - 20 yrs,vide,,Bengaluru,"Teaching , Education , Training , Counselling","Education, Teaching, Training",,77.590082,12.9767936,6053,"vide  Education, Teaching, Training Teaching , Education , Training , Counselling"
 computer operator,1 - 3 yrs, Computer Operator| MS Office| Software services| Comm| Typing speed| WHO| Software| level,,"Gurgaon,Noida","Executive Assistant , Front Office , Data Entry","IT-Software, Software Services",Stenographer/Data Entry Operator,77.00270015,28.42826235,1567," Computer Operator| MS Office| Software services| Comm| Typing speed| WHO| Software| level Stenographer/Data Entry Operator IT-Software, Software Services Executive Assistant , Front Office , Data Entry"
 Operation Executive,2 - 3 yrs, operations management| mobilization| Resource Mobilization| general management| interview| Recruitment,Administration/Facility Management,Delhi NCR,"HR , Recruitment , Administration , IR","Recruitment, Staffing",Executive/ Sr Executive - Administration,77.1212148,28.6882438,6411," operations management| mobilization| Resource Mobilization| general management| interview| Recruitment Executive/ Sr Executive - Administration Recruitment, Staffing HR , Recruitment , Administration , IR"
 Customer Support Executive,0 - 1 yrs, Customer Support Executive| Customer service| Business Executive| process,Voice,Chandigarh,"ITES , BPO , KPO , LPO , Customer Service , Operations","IT-Software, Software Services",Associate/Senior Associate -(NonTechnical),76.7797143,30.7334421,6307," Customer Support Executive| Customer service| Business Executive| process Associate/Senior Associate -(NonTechnical) IT-Software, Software Services ITES , BPO , KPO , LPO , Customer Service , Operations"
 Corporate-Day Care Manager.,2 - 4 yrs, Staff Training| Day Care| Recruitment,Teachers,Pune,"Teaching , Education , Training , Counselling","Education, Teaching, Training",DaycareTeacher / Incharge / Attendant,73.8544541,18.521428,5736," Staff Training| Day Care| Recruitment DaycareTeacher / Incharge / Attendant Education, Teaching, Training Teaching , Education , Training , Counselling"
 Hiring going on for .US Inbound Tech Support/ Sales,1 - 6 yrs, process| Spot| Technical support| Night shift| International BPO,Voice,Kolkata,"ITES , BPO , KPO , LPO , Customer Service , Operations","IT-Software, Software Services",Associate/Senior Associate -(Technical),88.35769124,22.5414185,5197," process| Spot| Technical support| Night shift| International BPO Associate/Senior Associate -(Technical) IT-Software, Software Services ITES , BPO , KPO , LPO , Customer Service , Operations"
Deputy Manager- Performance/digital Marketing, 4 - 9 Years,digital marketing|email marketing|adwords|display advertising|digital campaigns|google analytics|sem|seo,Online/Digital Marketing, Delhi NCR,"Marketing , Advertising , MR , PR , Media Planning",Education / Teaching / Training,Social Media Marketing Manager,77.1212148,28.6882438,3419,"digital marketing|email marketing|adwords|display advertising|digital campaigns|google analytics|sem|seo Social Media Marketing Manager Education / Teaching / Training Marketing , Advertising , MR , PR , Media Planning"
" Technical Lead -(VoIP,Cisco Call Manager)",2 - 7 yrs, java| cisco call manager| visa| j2ee| sip| offshore| communication skills,Programming & Design,"Bengaluru,Bengaluru / Bangalore",IT Software - Telecom Software,"IT-Software, Software Services",Team Lead/Technical Lead,77.590082,12.9767936,6134," java| cisco call manager| visa| j2ee| sip| offshore| communication skills Team Lead/Technical Lead IT-Software, Software Services IT Software - Telecom Software"
 Relationship Manager,3 - 8 yrs, Sales| Business Development| Change Management| Mobile| mobiles| handset| mobile handset| Marketing| Relationship Management| Distribution Management| channel management| dealer management| Retailer,Channel Sales,Chandigarh,"Sales , Retail , Business Development","Consumer Electronics, Appliances, Durables",Sales / BD Manager,76.7797143,30.7334421,2897," Sales| Business Development| Change Management| Mobile| mobiles| handset| mobile handset| Marketing| Relationship Management| Distribution Management| channel management| dealer management| Retailer Sales / BD Manager Consumer Electronics, Appliances, Durables Sales , Retail , Business Development"
" Technician, Technical Support",0 - 4 yrs, International Call Center| Technical Support| Maintenance| Communication Skills| PC Hardware| Technician Activities| Social Media| Analytical Ability| Soft Skills| Customer Satisfaction,Admin/Maintenance/Security/Datawarehousing,Gurgaon,"IT Software - Application Programming , Maintenance","IT-Software, Software Services",Technical Support Engineer,77.00270015,28.42826235,5174," International Call Center| Technical Support| Maintenance| Communication Skills| PC Hardware| Technician Activities| Social Media| Analytical Ability| Soft Skills| Customer Satisfaction Technical Support Engineer IT-Software, Software Services IT Software - Application Programming , Maintenance"
 Graphic Designer,2 - 4 yrs, Illustrator| Corel Draw| Photoshop,Creative,Gurgaon,"Design , Creative , User Experience","Education, Teaching, Training",Graphic Designer,77.00270015,28.42826235,3523," Illustrator| Corel Draw| Photoshop Graphic Designer Education, Teaching, Training Design , Creative , User Experience"
 Consultant,2 - 5 yrs, Manual testing| Informatica| microsoft| Process automation| System testing| PDF| Artificial Intelligence| Regression testing| Silicon| Analytics,Programming & Design,Noida,"IT Software - Application Programming , Maintenance","IT-Software, Software Services",Testing Engineer,77.3271074,28.5707841,5116," Manual testing| Informatica| microsoft| Process automation| System testing| PDF| Artificial Intelligence| Regression testing| Silicon| Analytics Testing Engineer IT-Software, Software Services IT Software - Application Programming , Maintenance"
 Immediate Requirement for Fusion Technical Lead Developer,10 - 16 yrs, Technical Architecture| Fusion| Oracle Fusion,Programming & Design,"Delhi NCR,Mumbai,Bengaluru","IT Software - Application Programming , Maintenance","IT-Software, Software Services",Team Lead/Technical Lead,121.0977529,14.6719732,1571," Technical Architecture| Fusion| Oracle Fusion Team Lead/Technical Lead IT-Software, Software Services IT Software - Application Programming , Maintenance"
 Layout Designer / Web Designer,1 - 5 yrs, Layout design| Corel Draw| Web designing| Photoshop,Programming & Design,Ahmedabad,IT Software - Other,"Recruitment, Staffing",Graphic/Web Designer,72.5797068,23.0216238,4452," Layout design| Corel Draw| Web designing| Photoshop Graphic/Web Designer Recruitment, Staffing IT Software - Other"
 International BPO- Mahindra- Meru- TATA SKY- Paddle Point-pepperfry-hc,0 - 4 yrs, Bpo Voice| Voice Process| International BPO,Voice,"Mumbai,Mumbai Suburbs,Navi Mumbai,Thane,Vasai","ITES , BPO , KPO , LPO , Customer Service , Operations","BPO, Call Centre, ITeS",Associate/Senior Associate -(NonTechnical),,,6576," Bpo Voice| Voice Process| International BPO Associate/Senior Associate -(NonTechnical) BPO, Call Centre, ITeS ITES , BPO , KPO , LPO , Customer Service , Operations"
 Asp.net with Angular JS & Html5 - Hyderabad,5 - 7 yrs, HTML5| ASP,Programming & Design,Hyderabad,"IT Software - Application Programming , Maintenance","IT-Software, Software Services",Software Developer,78.4740613,17.360589,5816," HTML5| ASP Software Developer IT-Software, Software Services IT Software - Application Programming , Maintenance"
 Sales Manager Product and Portfolio,5 - 10 yrs, Product training| Sales| Relationship| Banking| Recruitment,Retail Sales,Hyderabad,"Sales , Retail , Business Development","Banking, Financial Services, Broking",Sales/Business Development Manager,78.4740613,17.360589,5244," Product training| Sales| Relationship| Banking| Recruitment Sales/Business Development Manager Banking, Financial Services, Broking Sales , Retail , Business Development"
 Key Accounts Manager,6 - 11 yrs, Customer profitability| Receivable management| Education| Relationship building| Transportation| Service| Monitoring| Key accounts,Corporate Sales,Mumbai,"Sales , Retail , Business Development","Recruitment, Staffing",Client Servicing/Key Account Manager,72.8773928,19.0759899,4830," Customer profitability| Receivable management| Education| Relationship building| Transportation| Service| Monitoring| Key accounts Client Servicing/Key Account Manager Recruitment, Staffing Sales , Retail , Business Development"
 Store Head-leading Manufacturing Company,10 - 15 yrs, Stores| warehouse| Logistics,Logistics,Bengaluru,Purchase / Logistics / Supply Chain,"Automobile, Auto Anciliary, Auto Components",Logistics Manager,77.590082,12.9767936,5436," Stores| warehouse| Logistics Logistics Manager Automobile, Auto Anciliary, Auto Components Purchase / Logistics / Supply Chain"
 BPO Inbound Voice Tech Process - Customer Service Inbound Voice - Appl,2 - 6 yrs, BPO| Outbound| English| Email| Inbound calls| Customer service| Troubleshooting| Technical support| Recruitment| Comp,Voice,Kolkata,"ITES , BPO , KPO , LPO , Customer Service , Operations","IT-Software, Software Services",Associate/Senior Associate -(NonTechnical),88.35769124,22.5414185,2415," BPO| Outbound| English| Email| Inbound calls| Customer service| Troubleshooting| Technical support| Recruitment| Comp Associate/Senior Associate -(NonTechnical) IT-Software, Software Services ITES , BPO , KPO , LPO , Customer Service , Operations"
 Java Software Engineer,1 - 5 yrs, Linux| Agile| Python| Computer science| Coding| Fixed income| Machine learning| Asset management| JIRA| Financial services,Programming & Design,Bengaluru,"IT Software - Application Programming , Maintenance","Banking, Financial Services, Broking",Software Developer,77.590082,12.9767936,3812," Linux| Agile| Python| Computer science| Coding| Fixed income| Machine learning| Asset management| JIRA| Financial services Software Developer Banking, Financial Services, Broking IT Software - Application Programming , Maintenance"
 Admin Executive,2 - 5 yrs, English| MS Office| admin executive| Billing| Stock inventory| Writing| Office management| Management| Business Executive| Application,Administration/Facility Management,Chandigarh,"HR , Recruitment , Administration , IR","IT-Software, Software Services",Executive/ Sr Executive - Administration,76.7797143,30.7334421,3055," English| MS Office| admin executive| Billing| Stock inventory| Writing| Office management| Management| Business Executive| Application Executive/ Sr Executive - Administration IT-Software, Software Services HR , Recruitment , Administration , IR"
 Agm Finance for Automobile Company in Kolkata . Salary:7 Lpa,12 - 17 yrs, Credit Officers| Risk Management| Administration| Report Generation| Analysts| analytical skills,Senior Management,Kolkata,"Accounts , Finance , Tax , Company Secretary , Audit","Recruitment, Staffing",Head/VP/GM-Finance/Audit,88.35769124,22.5414185,1789," Credit Officers| Risk Management| Administration| Report Generation| Analysts| analytical skills Head/VP/GM-Finance/Audit Recruitment, Staffing Accounts , Finance , Tax , Company Secretary , Audit"
 Accounts Manager (male),7 - 12 yrs, Balance Sheet Finalisation| service tax| bank reconciliation| gst| income tax| taxation| financial auditing| finance| tax audit,Accounts,"Gurgaon,Noida","Accounts , Finance , Tax , Company Secretary , Audit","IT-Software, Software Services",Accounts Manager,77.00270015,28.42826235,5212," Balance Sheet Finalisation| service tax| bank reconciliation| gst| income tax| taxation| financial auditing| finance| tax audit Accounts Manager IT-Software, Software Services Accounts , Finance , Tax , Company Secretary , Audit"
 Opening for French Specialist Accounts Payable,1 - 4 yrs, accounts payable| accounting| AP,Back Office/Web/Transaction Processing,Bengaluru,"ITES , BPO , KPO , LPO , Customer Service , Operations","BPO, Call Centre, ITeS",Associate/Senior Associate -(NonTechnical),77.590082,12.9767936,2016," accounts payable| accounting| AP Associate/Senior Associate -(NonTechnical) BPO, Call Centre, ITeS ITES , BPO , KPO , LPO , Customer Service , Operations"
 Applications Analyst OEE,3 - 5 yrs, Change management| Healthcare| Analyst| Business Analyst| Social media| Problem management| Software development life cycle| Scheduling| OEE,Programming & Design,Bengaluru,"IT Software - Application Programming , Maintenance","Medical, Healthcare, Hospitals",Software Developer,77.590082,12.9767936,6067," Change management| Healthcare| Analyst| Business Analyst| Social media| Problem management| Software development life cycle| Scheduling| OEE Software Developer Medical, Healthcare, Hospitals IT Software - Application Programming , Maintenance"
 Customer Service Engineer - - ICD Security Solutions,2 - 7 yrs, Copyright| Customer Service Representative| CV| Customer service| Security| Troubleshooting| CCTV,Corporate Sales,Pune,"Sales , Retail , Business Development","IT-Software, Software Services",Client Servicing/Key Account Manager,73.8544541,18.521428,3180," Copyright| Customer Service Representative| CV| Customer service| Security| Troubleshooting| CCTV Client Servicing/Key Account Manager IT-Software, Software Services Sales , Retail , Business Development"
 Urgently Required Senior PHP Developer(laravel) || Gurgaon ,2 - 5 yrs, CSS| jQuery| MySQL| Javascript| HTML| Web Development| Laravel| Codeigniter,Programming & Design,Gurgaon,"IT Software - Application Programming , Maintenance","IT-Software, Software Services",Software Developer,77.00270015,28.42826235,3588," CSS| jQuery| MySQL| Javascript| HTML| Web Development| Laravel| Codeigniter Software Developer IT-Software, Software Services IT Software - Application Programming , Maintenance"
 Associate Process Consultant,7 - 12 yrs, Networking| Telecom| LAN| WAN| Bss| VPN| Wireless| Telecommunication| Costing| Visio,Project Management,Pune,IT Software - Telecom Software,"IT-Software, Software Services",Project Manager-IT/Software,73.8544541,18.521428,4791," Networking| Telecom| LAN| WAN| Bss| VPN| Wireless| Telecommunication| Costing| Visio Project Manager-IT/Software IT-Software, Software Services IT Software - Telecom Software"
 Infrastructure management- Lecturer,5 - 7 yrs, Teaching| Educator| Counselor| Mentor| Trainer| Advisor,University Level,Ghaziabad,"Teaching , Education , Training , Counselling","Education, Teaching, Training",Lecturer/Professor,77.45268496,28.7218316,1958," Teaching| Educator| Counselor| Mentor| Trainer| Advisor Lecturer/Professor Education, Teaching, Training Teaching , Education , Training , Counselling"
 Finance Admin,4 - 6 yrs, Business communication| Analytical skills| Business objects| Team management| management| Transition management| Trend analysis| Variance analysis| Analytics,Finance/Audit,Pune,"Accounts , Finance , Tax , Company Secretary , Audit","IT-Software, Software Services",Financial Analyst,73.8544541,18.521428,3214," Business communication| Analytical skills| Business objects| Team management| management| Transition management| Trend analysis| Variance analysis| Analytics Financial Analyst IT-Software, Software Services Accounts , Finance , Tax , Company Secretary , Audit"
 Guest Relations Executive,6 - 7 yrs, Usage| PDF| C| Social media| Cash handling| Database| Customer service| Merchandising| Advertising,Senior Management,"Mumbai,Delhi","Sales , Retail , Business Development","NGO, Social Services, Regulators, Industry Associations",Head/VP/GM/National Manager -Sales,77.2820578,28.5715304,5474," Usage| PDF| C| Social media| Cash handling| Database| Customer service| Merchandising| Advertising Head/VP/GM/National Manager -Sales NGO, Social Services, Regulators, Industry Associations Sales , Retail , Business Development"
 Salesforce System Architect,8 - 12 yrs, salesforce| salesforce.com| system design| application architecture,Programming & Design,Chennai,"IT Software - Application Programming , Maintenance","IT-Software, Software Services",Technical Architect,80.270186,13.0836939,4146," salesforce| salesforce.com| system design| application architecture Technical Architect IT-Software, Software Services IT Software - Application Programming , Maintenance"
System Monitoring Tools & Techniques Professional, 13 - 15 Years,Execution|Project Management|AO engagement|Monitoring Tools|Delivery Management|Stakeholder Management|System Monitoring,Project Management, Bengaluru,"IT Software - ERP , CRM",IT-Software / Software Services,Project Manager-IT/Software,77.590082,12.9767936,4639,"Execution|Project Management|AO engagement|Monitoring Tools|Delivery Management|Stakeholder Management|System Monitoring Project Manager-IT/Software IT-Software / Software Services IT Software - ERP , CRM"
 HR Recruiter,0 - 2 yrs, Recruitment| Hiring| HR| Screening| Interviewing| Staffing,Other,Navi Mumbai,"IT Software - Application Programming , Maintenance","IT-Software, Software Services",Fresher,73.0198537,19.0308262,6420," Recruitment| Hiring| HR| Screening| Interviewing| Staffing Fresher IT-Software, Software Services IT Software - Application Programming , Maintenance"
 Business Development Manager (eCommerce),1 - 3 yrs, bca| cold calling| bidding| academic| customer service| documentation| selling| web development| seo| mba,Corporate Sales,Delhi,"Sales , Retail , Business Development","IT-Software, Software Services",Sales/Business Development Manager,77.2219388,28.6517178,3524," bca| cold calling| bidding| academic| customer service| documentation| selling| web development| seo| mba Sales/Business Development Manager IT-Software, Software Services Sales , Retail , Business Development"
 Java Developer - Spring/ Hibernate,5 - 10 yrs, Java| Webservices| Spring| Hibernate| System Design| ESB| SQL| Spring Boot| Javascript,Programming & Design,Hyderabad,"IT Software - Application Programming , Maintenance","IT-Software, Software Services",Software Developer,78.4740613,17.360589,3676," Java| Webservices| Spring| Hibernate| System Design| ESB| SQL| Spring Boot| Javascript Software Developer IT-Software, Software Services IT Software - Application Programming , Maintenance"
 Python Developer,0 - 1 yrs, Debugging| Troubleshooting| Python| Interpersonal skills| OOPS| Programming| developer,Programming & Design,Gurgaon,"IT Software - Application Programming , Maintenance","IT-Software, Software Services",Software Developer,77.00270015,28.42826235,5033," Debugging| Troubleshooting| Python| Interpersonal skills| OOPS| Programming| developer Software Developer IT-Software, Software Services IT Software - Application Programming , Maintenance"
 Sales And Marketing/Business Development manager,2 - 7 yrs, Direct sales| Cold calling| English| Networking| Business Development Manager| Customer interfacing| Data collection| Service| Digital marketing| WHO,Retail Sales,Mumbai,"Sales , Retail , Business Development","IT-Software, Software Services",Sales/Business Development Manager,72.8773928,19.0759899,2992," Direct sales| Cold calling| English| Networking| Business Development Manager| Customer interfacing| Data collection| Service| Digital marketing| WHO Sales/Business Development Manager IT-Software, Software Services Sales , Retail , Business Development"
 Microsoft Developer,2 - 7 yrs, build automation| Entity framework| MVC| microsoft| SQL,Programming & Design,Ahmedabad,"IT Software - Application Programming , Maintenance","Recruitment, Staffing",Software Developer,72.5797068,23.0216238,3091," build automation| Entity framework| MVC| microsoft| SQL Software Developer Recruitment, Staffing IT Software - Application Programming , Maintenance"
 Customer Service Executive (Adeeba Group) for Tech Support/ Sales,2 - 7 yrs, Technical support| Outbound| Troubleshooting| RecruitmentEnglish| Antivirus| Comp| Customer Service Executive| Domestic BPO,Voice,Kolkata,"ITES , BPO , KPO , LPO , Customer Service , Operations","IT-Software, Software Services",Associate/Senior Associate -(NonTechnical),88.35769124,22.5414185,4963," Technical support| Outbound| Troubleshooting| RecruitmentEnglish| Antivirus| Comp| Customer Service Executive| Domestic BPO Associate/Senior Associate -(NonTechnical) IT-Software, Software Services ITES , BPO , KPO , LPO , Customer Service , Operations"
 Inbound Technical Support With Attractive Salary Package,0 - 5 yrs, Outbound| Medical| Technical support| Technical Support Associate| Email| Sales| US shift| Antivirus| Troubleshooting| Comp,Voice,Kolkata,"ITES , BPO , KPO , LPO , Customer Service , Operations","IT-Software, Software Services",Associate/Senior Associate -(Technical),88.35769124,22.5414185,5156," Outbound| Medical| Technical support| Technical Support Associate| Email| Sales| US shift| Antivirus| Troubleshooting| Comp Associate/Senior Associate -(Technical) IT-Software, Software Services ITES , BPO , KPO , LPO , Customer Service , Operations"
" Placement Officer,",0 - 5 yrs, HR| Human Resource Management| Placement Coordination| recruitment executive| recruitment officer,Other,Pune,"HR , Recruitment , Administration , IR","Recruitment, Staffing",Outside Consultant,73.8544541,18.521428,1510," HR| Human Resource Management| Placement Coordination| recruitment executive| recruitment officer Outside Consultant Recruitment, Staffing HR , Recruitment , Administration , IR"
 Walk-in Interviews For Sr.executive - Procurement on 5th July,2 - 5 yrs, Strategic Sourcing| procurement| supply chain management| Packaging| Vendor Management,Purchase/Material Management,Gurgaon,Purchase / Logistics / Supply Chain,"Internet, Ecommerce",Purchase Executive,77.00270015,28.42826235,5829," Strategic Sourcing| procurement| supply chain management| Packaging| Vendor Management Purchase Executive Internet, Ecommerce Purchase / Logistics / Supply Chain"
Urgent Opening Automation Test Engineer 2-5yrs-bellandur Bangalore, 2 - 5 Years,Test Engineering,Programming & Design,Bengaluru (Bellandur) ,"IT Software - Application Programming , Maintenance",IT-Software / Software Services,Software Developer,77.6781903,12.9310383,3991,"Test Engineering Software Developer IT-Software / Software Services IT Software - Application Programming , Maintenance"
 Senior TSA Inbound Tech Process,0 - 2 yrs, Outbound| Technical Support Associate| Sales process| process| Senior| Technical| US shift| Technical support| International BPO,Voice,Kolkata,"ITES , BPO , KPO , LPO , Customer Service , Operations","IT-Software, Software Services",Associate/Senior Associate -(Technical),88.35769124,22.5414185,5791," Outbound| Technical Support Associate| Sales process| process| Senior| Technical| US shift| Technical support| International BPO Associate/Senior Associate -(Technical) IT-Software, Software Services ITES , BPO , KPO , LPO , Customer Service , Operations"
 Freelance Corporate Trainer on Taleo,5 - 10 yrs, Corporate Training| corporate trainer| technical trainer,Teachers,Bengaluru,"Teaching , Education , Training , Counselling","IT-Software, Software Services",Trainer,77.590082,12.9767936,2591," Corporate Training| corporate trainer| technical trainer Trainer IT-Software, Software Services Teaching , Education , Training , Counselling"
 Senior Java Developer- Urgently Required by Mumbai IT Company,3 - 5 yrs, java| mongodb| Hibernate| spring| jms,Programming & Design,Mumbai (Sakinaka) ,"IT Software - Application Programming , Maintenance","IT-Software, Software Services",Software Developer,72.8817764,19.1004019,6616," java| mongodb| Hibernate| spring| jms Software Developer IT-Software, Software Services IT Software - Application Programming , Maintenance"
 Manager Procurement,4 - 5 yrs, Procurement| Supply chain management| Automation| Copyright| Chain| Purchase| Head Operations| Steel| Business Executive,Purchase/Material Management,Mumbai,Purchase / Logistics / Supply Chain,"Advertising, PR, MR, Event Management",Purchase/Vendor Development Manager,72.8773928,19.0759899,5994," Procurement| Supply chain management| Automation| Copyright| Chain| Purchase| Head Operations| Steel| Business Executive Purchase/Vendor Development Manager Advertising, PR, MR, Event Management Purchase / Logistics / Supply Chain"
 Senior Software Engineer - UI Development - Javascript/angularjs,5 - 10 yrs, software development life cycle| css| html5| ui development| design patterns| svn| software engineering| angularjs| javascript,Programming & Design,Gurgaon,"IT Software - Application Programming , Maintenance","IT-Software, Software Services",Software Developer,77.00270015,28.42826235,1822," software development life cycle| css| html5| ui development| design patterns| svn| software engineering| angularjs| javascript Software Developer IT-Software, Software Services IT Software - Application Programming , Maintenance"
 Telle Caller,0 - 2 yrs, good communication skill| good speeking manners| ability to face strangers| punctual| gopod efficiency,Voice,Delhi,"ITES , BPO , KPO , LPO , Customer Service , Operations","Recruitment, Staffing",Telecalling/Telemarketing Executive,77.2219388,28.6517178,4502," good communication skill| good speeking manners| ability to face strangers| punctual| gopod efficiency Telecalling/Telemarketing Executive Recruitment, Staffing ITES , BPO , KPO , LPO , Customer Service , Operations"
 Documentation Executive,8 - 10 yrs, e - tendering| Tender Preparation| bid preparation| proposal preparation,,Delhi NCR (Green Park) ,Other,"Architecture, Interior Design",Other,121.0400267,14.4768661,3090," e - tendering| Tender Preparation| bid preparation| proposal preparation Other Architecture, Interior Design Other"
 Restaurant Cashier,2 - 4 yrs, Cash Handling| Cashier Activities| Day Book| Cashier| Restaurant| CSAT,Front Office/Customer Care,Delhi NCR (Shakti Nagar) ,"Hotels , Restaurants","Travel , Hotels , Restaurants , Airlines , Railways",Cashier,,,2985," Cash Handling| Cashier Activities| Day Book| Cashier| Restaurant| CSAT Cashier Travel , Hotels , Restaurants , Airlines , Railways Hotels , Restaurants"
" Opening For Dot Net Developer @ Baner, Pune",0 - 0 yrs, C#| .Net| Asp.net,Other,Pune,"IT Software - Application Programming , Maintenance","IT-Software, Software Services",Fresher,73.8544541,18.521428,2711," C#| .Net| Asp.net Fresher IT-Software, Software Services IT Software - Application Programming , Maintenance"
 Management Trainee,0 - 2 yrs, Excel| Sales| Conflict resolution| Analytical| Management Trainee| Power point presentation| MS Office,Other,Pune,"Sales , Retail , Business Development",Insurance,Trainee,73.8544541,18.521428,6527," Excel| Sales| Conflict resolution| Analytical| Management Trainee| Power point presentation| MS Office Trainee Insurance Sales , Retail , Business Development"
 Junior Company Secretary,3 - 8 yrs, Manual testing| Eclipse| Coding| Scrum| Enterprise applications| Healthcare| JIRA| Android SDK| test driven development| Business Analyst,Programming & Design,Gurgaon,IT Software - QA & Testing,"Medical, Healthcare, Hospitals",Testing Engineer,77.00270015,28.42826235,5970," Manual testing| Eclipse| Coding| Scrum| Enterprise applications| Healthcare| JIRA| Android SDK| test driven development| Business Analyst Testing Engineer Medical, Healthcare, Hospitals IT Software - QA & Testing"
 Production Manager,1 - 5 yrs, Production Management| production control| production planning| Production Manager| Planning| Production Support| Organizing,Production/Manufacturing/Maintenance,"Chandigarh,Panchkula","Production , Manufacturing , Maintenance","Internet, Ecommerce",Production Manager,76.8381751,30.6958386,6473," Production Management| production control| production planning| Production Manager| Planning| Production Support| Organizing Production Manager Internet, Ecommerce Production , Manufacturing , Maintenance"
 Have Confidence to Convince Customer Then Join Adeeba (Inbound Voice),0 - 1 yrs, Outbound| Medical| Technical support| Technical Support Associate| Email| Technical| US shift| Antivirus| Troubleshooting| Comp,Voice,Kolkata,"ITES , BPO , KPO , LPO , Customer Service , Operations","IT-Software, Software Services",Associate/Senior Associate -(NonTechnical),88.35769124,22.5414185,2781," Outbound| Medical| Technical support| Technical Support Associate| Email| Technical| US shift| Antivirus| Troubleshooting| Comp Associate/Senior Associate -(NonTechnical) IT-Software, Software Services ITES , BPO , KPO , LPO , Customer Service , Operations"
 Business Transformation Consultant,3 - 8 yrs, project management| management consulting| business transformation| strategy consulting| change management| sales strategy| top management,,"Delhi NCR,Mumbai,Bengaluru",Other,"Strategy, Management Consulting Firms",Other,121.0977529,14.6719732,6096," project management| management consulting| business transformation| strategy consulting| change management| sales strategy| top management Other Strategy, Management Consulting Firms Other"
 Content Editor,3 - 6 yrs, Digital media| PHP| Recruitment| Bengali| LMS| Business administration| Content Editor| Journalism| Literature| Administration,Content Development,Hyderabad,"Journalism , Editing , Content","Media, Entertainment, Internet",Content Developer,78.4740613,17.360589,5611," Digital media| PHP| Recruitment| Bengali| LMS| Business administration| Content Editor| Journalism| Literature| Administration Content Developer Media, Entertainment, Internet Journalism , Editing , Content"
 Graphics Hardware Engineer,5 - 7 yrs, Graphics| Simulation| Power management| Electronics| Hardware| Research| System analysis| Electricals,Programming & Design,Bengaluru,"IT Software - Embedded , EDA , VLSI , ASIC , Chip Design","IT-Software, Software Services",Software Developer,77.590082,12.9767936,3804," Graphics| Simulation| Power management| Electronics| Hardware| Research| System analysis| Electricals Software Developer IT-Software, Software Services IT Software - Embedded , EDA , VLSI , ASIC , Chip Design"
 Visual Designer,1 - 3 yrs, Motion Graphics| Infographics| Illustrator| animations| infographics| Corel draw| Photoshop| CorelDRAW| Visual Designer,Creative,Bengaluru,"Design , Creative , User Experience","IT-Software, Software Services",Visualiser,77.590082,12.9767936,3159," Motion Graphics| Infographics| Illustrator| animations| infographics| Corel draw| Photoshop| CorelDRAW| Visual Designer Visualiser IT-Software, Software Services Design , Creative , User Experience"
 Web Designer,3 - 8 yrs, Illustrator| Web designing| Photoshop| CSS| Web technologies| XML| Intranet| Business Executive,Programming & Design,Bengaluru,"IT Software - Application Programming , Maintenance","IT-Software, Software Services",Graphic/Web Designer,77.590082,12.9767936,4963," Illustrator| Web designing| Photoshop| CSS| Web technologies| XML| Intranet| Business Executive Graphic/Web Designer IT-Software, Software Services IT Software - Application Programming , Maintenance"
 ACCOUNTS EXECUTIVES,3 - 8 yrs, Tally| Retail| Accounts Executive| Retail Executive,Accounts,Mumbai,"Accounts , Finance , Tax , Company Secretary , Audit","Industrial Products, Heavy Machinery",Accounts Executive/Accountant,72.8773928,19.0759899,5957," Tally| Retail| Accounts Executive| Retail Executive Accounts Executive/Accountant Industrial Products, Heavy Machinery Accounts , Finance , Tax , Company Secretary , Audit"
 Finance & Accounting Associates,2 - 5 yrs, Financial reporting| Due diligence| Data analysis| Accounting| International finance| Banking,Accounts,Noida,"Accounts , Finance , Tax , Company Secretary , Audit","Banking, Financial Services, Broking",Accounts Manager,77.3271074,28.5707841,6420," Financial reporting| Due diligence| Data analysis| Accounting| International finance| Banking Accounts Manager Banking, Financial Services, Broking Accounts , Finance , Tax , Company Secretary , Audit"
 DEALER - RETAIL BROKING,1 - 5 yrs, NSE| Lead generation| Compliance| Relationship| Equity| Client acquisition| Research| Revenue generation| Monitoring| HNI client handling,Institutional Sales,Kolkata,"Sales , Retail , Business Development","Accounting, Finance",Sales Executive/Officer,88.35769124,22.5414185,4106," NSE| Lead generation| Compliance| Relationship| Equity| Client acquisition| Research| Revenue generation| Monitoring| HNI client handling Sales Executive/Officer Accounting, Finance Sales , Retail , Business Development"
 SENIOR SOFTWARE DEVELOPER (MVC .NET),5 - 7 yrs, MySQL| Javascript| UML| server| css| Technical writing| html5| bootstrap| microsoft| Technical support| sql| cloud| ui| web| design| asp.net| mvc| api| architecture| level| Visual Studio| quality| MS SQL| infrastructure| .net| agile| angularjs| aws,Programming & Design,Pune,"IT Software - Application Programming , Maintenance","IT-Software, Software Services",Software Developer,73.8544541,18.521428,2274," MySQL| Javascript| UML| server| css| Technical writing| html5| bootstrap| microsoft| Technical support| sql| cloud| ui| web| design| asp.net| mvc| api| architecture| level| Visual Studio| quality| MS SQL| infrastructure| .net| agile| angularjs| aws Software Developer IT-Software, Software Services IT Software - Application Programming , Maintenance"
 Client Relationship Partner,2 - 7 yrs, MIS reporting| Trade| Operational risk| Banking| Relationship| Client relationship| Saving,Retail/Personal Banking,Bengaluru,"Financial Services , Banking , Investments , Insurance","Banking, Financial Services, Broking",Sales Officer,77.590082,12.9767936,3290," MIS reporting| Trade| Operational risk| Banking| Relationship| Client relationship| Saving Sales Officer Banking, Financial Services, Broking Financial Services , Banking , Investments , Insurance"
" Sales Manger Opening In An E-commerce Industry- (mumbai, Pune)",2 - 7 yrs, sales strategy| sales management| B2B Sales| corporate sales| institutional sales,Institutional Sales,"Mumbai,Pune","Sales , Retail , Business Development","Internet, Ecommerce",Sales/Business Development Manager,72.840292,18.9560691,4565," sales strategy| sales management| B2B Sales| corporate sales| institutional sales Sales/Business Development Manager Internet, Ecommerce Sales , Retail , Business Development"
 Dot Net Developer,2 - 7 yrs, soa| sql| relationship management| server| software| jquery| service oriented architectures| quality systems| software implementation| computer science| sql server 2008| design,Programming & Design,"Ahmedabad,Ahmedabad","IT Software - Application Programming , Maintenance","IT-Software, Software Services",Software Developer,72.5797068,23.0216238,2105," soa| sql| relationship management| server| software| jquery| service oriented architectures| quality systems| software implementation| computer science| sql server 2008| design Software Developer IT-Software, Software Services IT Software - Application Programming , Maintenance"
 Lead Business Systems Analyst,7 - 8 yrs, Analyst,,Gurgaon,Other,"Banking, Financial Services, Broking",Other,77.00270015,28.42826235,5581," Analyst Other Banking, Financial Services, Broking Other"
 Sr. Manager- Art in Mumbai || Opportunity @ Client side,7 - 12 yrs, Art Director,Senior Management,Mumbai,"Design , Creative , User Experience","Internet, Ecommerce",Creative Director,72.8773928,19.0759899,1832," Art Director Creative Director Internet, Ecommerce Design , Creative , User Experience"
 Hiring for Domestic/ International Processes.contact the HR Asap,0 - 3 yrs, fresher| icse| inbound process| outbound| international bpo| uk process| bcom| communication skills| back office| cbse| web chat| chat process| Aviation| Guest Relations| Public Speaking| PR,Voice,Kolkata,"ITES , BPO , KPO , LPO , Customer Service , Operations","BPO, Call Centre, ITeS",Associate/Senior Associate -(NonTechnical),88.35769124,22.5414185,4974," fresher| icse| inbound process| outbound| international bpo| uk process| bcom| communication skills| back office| cbse| web chat| chat process| Aviation| Guest Relations| Public Speaking| PR Associate/Senior Associate -(NonTechnical) BPO, Call Centre, ITeS ITES , BPO , KPO , LPO , Customer Service , Operations"
 Sr . Manager,7 - 10 yrs, Automobile| Warehouse| Problem management| Manager Operations,,Ahmedabad,Top Management,"Recruitment, Staffing",Head/VP/GM-Operations,72.5797068,23.0216238,6362," Automobile| Warehouse| Problem management| Manager Operations Head/VP/GM-Operations Recruitment, Staffing Top Management"
 Manager Learning & Development,10 - 15 yrs,vide,Senior Management,Bengaluru,"HR , Recruitment , Administration , IR","Semiconductors, Electronics",Head/VP/GM-Training & Development,77.590082,12.9767936,4563,"vide Head/VP/GM-Training & Development Semiconductors, Electronics HR , Recruitment , Administration , IR"
 Urgent Requirement for CCE Telesales for Night Shift.,1 - 6 yrs, Outbound| Telesales| Night shift| English| process| Technical| Inbound calls| Service| Printers| Business Executive,Voice,Kolkata,"ITES , BPO , KPO , LPO , Customer Service , Operations","IT-Software, Software Services",Associate/Senior Associate -(NonTechnical),88.35769124,22.5414185,2023," Outbound| Telesales| Night shift| English| process| Technical| Inbound calls| Service| Printers| Business Executive Associate/Senior Associate -(NonTechnical) IT-Software, Software Services ITES , BPO , KPO , LPO , Customer Service , Operations"
 Vancancy for Inbound Tech Sales Executive,0 - 3 yrs, Outbound| Service| Technical support| process| Inbound calls| Domestic BPO| Bonus| Business Executive| Comp,Voice,Kolkata,"ITES , BPO , KPO , LPO , Customer Service , Operations","IT-Software, Software Services",Associate/Senior Associate -(Technical),88.35769124,22.5414185,6234," Outbound| Service| Technical support| process| Inbound calls| Domestic BPO| Bonus| Business Executive| Comp Associate/Senior Associate -(Technical) IT-Software, Software Services ITES , BPO , KPO , LPO , Customer Service , Operations"
 Infrastructure SSO Architect- Looking For Early Joiners,10 - 20 yrs, single sign - on| single sign on| IT Infrastructure| SSO,System Design/Implementation/ERP/CRM,"Gurgaon,Australia","IT Software - Application Programming , Maintenance","IT-Software, Software Services",Solution Architect / Enterprise Architect,-79.0305722,-8.123729,4185," single sign - on| single sign on| IT Infrastructure| SSO Solution Architect / Enterprise Architect IT-Software, Software Services IT Software - Application Programming , Maintenance"
 Sr. Architect / Project Position: Sr. Architect / Project,10 - 15 yrs, layout| coordinating| material selection| ms| mep| photoshop| corel draw| co| monitoring| plumbing,Architectural Services,"Mumbai,Thane","Architecture , Interior Design","Real Estate, Property",Architect,72.9701779,19.1943294,1933," layout| coordinating| material selection| ms| mep| photoshop| corel draw| co| monitoring| plumbing Architect Real Estate, Property Architecture , Interior Design"
Nosql (couchdb/redis/bigtable/dynamodb), 4 - 6 Years,coding|database design|test cases|analytical|nosql|cassandra,Programming & Design, Bengaluru,"IT Software - DBA , Datawarehousing",IT-Software / Software Services,Software Developer,77.590082,12.9767936,5722,"coding|database design|test cases|analytical|nosql|cassandra Software Developer IT-Software / Software Services IT Software - DBA , Datawarehousing"
 Immidate Opening for Voice & Accent Trainer @ Vee Technologies,3 - 4 yrs, accent| auditing| soft skills| training needs| customer service| process compliance,Training,Bengaluru (Vasanth nagar) ,"ITES , BPO , KPO , LPO , Customer Service , Operations","BPO, Call Centre, ITeS",Voice & Accent Trainer,77.58516878,12.98872125,6823," accent| auditing| soft skills| training needs| customer service| process compliance Voice & Accent Trainer BPO, Call Centre, ITeS ITES , BPO , KPO , LPO , Customer Service , Operations"
 Walk- in | Hdfc Life | We are Hiring Freshers:5th till 20th Aug@ Delhi,0 - 2 yrs, Sales| Fresher| Marketing,Retail Sales,"Delhi NCR,Agra,Aligarh,Bareilly,Faridabad,Ghaziabad,Meerut,Moradabad,Muzaffarpur","Sales , Retail , Business Development",Insurance,Sales/Business Development Manager,,,2327," Sales| Fresher| Marketing Sales/Business Development Manager Insurance Sales , Retail , Business Development"
 AIT Global India Private Limited is Looking For JAVA Developer.,2 - 5 yrs, Java EE| Hibernate| Core Java| Software Development| Spring Mvc| Multithreading| OOD| JDBC| Spring Boot| JSF,Programming & Design,Pune,"IT Software - Application Programming , Maintenance","IT-Software, Software Services",Software Developer,73.8544541,18.521428,4770," Java EE| Hibernate| Core Java| Software Development| Spring Mvc| Multithreading| OOD| JDBC| Spring Boot| JSF Software Developer IT-Software, Software Services IT Software - Application Programming , Maintenance"
" Cloud Engineer Cloud Based IT MNC In Gurgaon , salary 7 - 8 LPA",2 - 4 yrs, Virtualization| Cloud computing| Server architecture| Windows Troubleshooting| Customer satisfaction| Manager Technology| Deployment| Management,Programming & Design,Gurgaon,IT Software - System Programming,"Real Estate, Property",Technical Architect,77.00270015,28.42826235,4307," Virtualization| Cloud computing| Server architecture| Windows Troubleshooting| Customer satisfaction| Manager Technology| Deployment| Management Technical Architect Real Estate, Property IT Software - System Programming"
 Relationship Manager - Bangalore,2 - 4 yrs, business development| sales| sales marketing| marketing executive| sales executive| sales officer| sales manager| area sales manager| territory sales manager| territory manager| area manager| regional manager| regional sales manager| regional business manager,Retail Sales,Bengaluru,"Sales , Retail , Business Development","Education, Teaching, Training",Sales Executive/Officer,77.590082,12.9767936,6228," business development| sales| sales marketing| marketing executive| sales executive| sales officer| sales manager| area sales manager| territory sales manager| territory manager| area manager| regional manager| regional sales manager| regional business manager Sales Executive/Officer Education, Teaching, Training Sales , Retail , Business Development"
 Territory Sales Manager-Passive Networking-Mumbai/Bangalore/Hyderabad,3 - 8 yrs, Sales| Sale| Networking Sales| It Solution Sales| Structured Cabling| Passive Networking| Data Center| Cable Tray| cabling| Data Center Rack| data - centre rack| LAN| UTP Cables,Corporate Sales,"Bengaluru,Hyderabad,Mumbai","Sales , Retail , Business Development","Electricals, Switchgears",Sales/Business Development Manager,78.5453172,17.3562,6061," Sales| Sale| Networking Sales| It Solution Sales| Structured Cabling| Passive Networking| Data Center| Cable Tray| cabling| Data Center Rack| data - centre rack| LAN| UTP Cables Sales/Business Development Manager Electricals, Switchgears Sales , Retail , Business Development"
 Business Development Manager,3 - 5 yrs, marketing executive| distributors| customer profiling| sales strategy| market research| Business Development| sales executive,Retail Sales,"Bengaluru,Mumbai,Delhi","Sales , Retail , Business Development","IT-Software, Software Services",Sales/Business Development Manager,73.018309,19.0061273,5052," marketing executive| distributors| customer profiling| sales strategy| market research| Business Development| sales executive Sales/Business Development Manager IT-Software, Software Services Sales , Retail , Business Development"
 Senior Manager-fundraising,12 - 18 yrs, fundraising| finance,Operations/Processes/Finance/Legal,Bengaluru,"Financial Services , Banking , Investments , Insurance","Medical, Healthcare, Hospitals",Finance/Budgeting Manager,77.590082,12.9767936,4754," fundraising| finance Finance/Budgeting Manager Medical, Healthcare, Hospitals Financial Services , Banking , Investments , Insurance"
 Bulk Hiring Travel Sales Consultants US /UK Shifts Call ASAP,1 - 5 yrs, worldspan| travel sales consultants| galileo| amadeus| gds,Voice,"Delhi NCR,Gurgaon","ITES , BPO , KPO , LPO , Customer Service , Operations","BPO, Call Centre, ITeS",Associate/Senior Associate -(NonTechnical),77.10436033,28.42208445,6213," worldspan| travel sales consultants| galileo| amadeus| gds Associate/Senior Associate -(NonTechnical) BPO, Call Centre, ITeS ITES , BPO , KPO , LPO , Customer Service , Operations"
 UI Developer (Frontend Developer),3 - 8 yrs, Front end| Email| PDF| MIN| UI| phone| Strategic HR| Doc| Consultancy| Recruitment,Programming & Design,Mumbai,"IT Software - Application Programming , Maintenance","Construction, Engineering, Cement, Metals",Software Developer,72.8773928,19.0759899,6069," Front end| Email| PDF| MIN| UI| phone| Strategic HR| Doc| Consultancy| Recruitment Software Developer Construction, Engineering, Cement, Metals IT Software - Application Programming , Maintenance"
 Netsuite Technical Consultant,3 - 5 yrs, CVS| ERP| Rest| middle east| Technical| Customization| E-commerce| CRM| Open| WHO,System Design/Implementation/ERP/CRM,Mumbai,"IT Software - ERP , CRM","IT-Software, Software Services",Outside Technical Consultant,72.8773928,19.0759899,6352," CVS| ERP| Rest| middle east| Technical| Customization| E-commerce| CRM| Open| WHO Outside Technical Consultant IT-Software, Software Services IT Software - ERP , CRM"
"Java Full Stack – Technical Lead, Senior Engineer", 6 - 11 Years,Java|Angular JS|Hibernate|Core Java|Technical Leader|Technical|Javascript|Spring|JQuery|JS framework,Programming & Design, Bengaluru,"IT Software - Application Programming , Maintenance",IT-Software / Software Services,Software Developer,77.590082,12.9767936,2456,"Java|Angular JS|Hibernate|Core Java|Technical Leader|Technical|Javascript|Spring|JQuery|JS framework Software Developer IT-Software / Software Services IT Software - Application Programming , Maintenance"
 ADM - External Affairs &amp; CSR - Bangalore,8 - 13 yrs, senior management| ngo| key skills| Corporate Social Responsibility| Govt Liasioning| corporate pr| External Communications,CSR & Sustainability,Bengaluru,CSR & Sustainability,"Automobile, Auto Anciliary, Auto Components",CSR Manager,77.590082,12.9767936,3893," senior management| ngo| key skills| Corporate Social Responsibility| Govt Liasioning| corporate pr| External Communications CSR Manager Automobile, Auto Anciliary, Auto Components CSR & Sustainability"
 Immediate Opening Asp.net MVC Developers For Mumbai (worli),3 - 5 yrs, Asp.Net MVC| entity framework| API,Programming & Design,Mumbai,"IT Software - Application Programming , Maintenance","IT-Software, Software Services",Software Developer,72.8773928,19.0759899,6003," Asp.Net MVC| entity framework| API Software Developer IT-Software, Software Services IT Software - Application Programming , Maintenance"
 Home loan,1 - 4 yrs, Loans| Direct Sales Associate| Policies| Bfsi| Finance| Sanction| WHO,Retail/Personal Banking,Kolkata,"Financial Services , Banking , Investments , Insurance","Recruitment, Staffing",Sales Officer,88.35769124,22.5414185,2657," Loans| Direct Sales Associate| Policies| Bfsi| Finance| Sanction| WHO Sales Officer Recruitment, Staffing Financial Services , Banking , Investments , Insurance"
" Sr. Resident, General & Laparoscopic Surgery",2 - 6 yrs, Monitoring| Senior Resident| RAM| DNB| Dmc,Medical Professional,Delhi,"Medical , Healthcare , R&D , Pharmaceuticals , Biotechnology","Medical, Healthcare, Hospitals",Surgeon,77.2219388,28.6517178,3852," Monitoring| Senior Resident| RAM| DNB| Dmc Surgeon Medical, Healthcare, Hospitals Medical , Healthcare , R&D , Pharmaceuticals , Biotechnology"
 Angular Developer - Fulcrum Digital,4 - 6 yrs, Angularjs| CSS| Responsive Web Design| Javascript| Bootstrap| HTML| JSON| JQuery| Web Development| Grunt,Programming & Design,Pune,"IT Software - Application Programming , Maintenance","IT-Software, Software Services",Software Developer,73.8544541,18.521428,3209," Angularjs| CSS| Responsive Web Design| Javascript| Bootstrap| HTML| JSON| JQuery| Web Development| Grunt Software Developer IT-Software, Software Services IT Software - Application Programming , Maintenance"
 Devops Engineer - Tools & Automation,5 - 8 yrs, python| open source| database| Automation| java| linux| perl| Monitoring| nosql,Programming & Design,Navi Mumbai,"IT Software - Application Programming , Maintenance","IT-Software, Software Services",Software Developer,73.0198537,19.0308262,4127," python| open source| database| Automation| java| linux| perl| Monitoring| nosql Software Developer IT-Software, Software Services IT Software - Application Programming , Maintenance"
 Great Opportunity To join top MNCs in Kolkata! Grab them While it last,0 - 3 yrs, PR| international bpo| chat process| Aviation| back office| web chat| Guest Relations| Public Speaking| bcom| fresher| inbound process| outbound| uk process| icse| communication skills| cbse,Voice,Kolkata,"ITES , BPO , KPO , LPO , Customer Service , Operations","BPO, Call Centre, ITeS",Associate/Senior Associate -(NonTechnical),88.35769124,22.5414185,4664," PR| international bpo| chat process| Aviation| back office| web chat| Guest Relations| Public Speaking| bcom| fresher| inbound process| outbound| uk process| icse| communication skills| cbse Associate/Senior Associate -(NonTechnical) BPO, Call Centre, ITeS ITES , BPO , KPO , LPO , Customer Service , Operations"
 QA Functional Testing,3 - 6 yrs, QA| Functional testing,Programming & Design,Bengaluru,IT Software - QA & Testing,"IT-Software, Software Services",Testing Engineer,77.590082,12.9767936,2155," QA| Functional testing Testing Engineer IT-Software, Software Services IT Software - QA & Testing"
 Sales Engineer,2 - 7 yrs, Sales Engineering,Retail Sales,Bengaluru,"Sales , Retail , Business Development","Automobile, Auto Anciliary, Auto Components",Sales/Business Development Manager,77.590082,12.9767936,3534," Sales Engineering Sales/Business Development Manager Automobile, Auto Anciliary, Auto Components Sales , Retail , Business Development"
Software Engineer - Unity Developer, 3 - 8 Years,Design Development|Software Engineering|Lighting|Computer Science|Product Quality|Automation Testing|Asset Management|GUI|Object Oriented Programming|Android,Programming & Design,Bengaluru,IT Software - Mobile,Telecom / ISP,Software Developer,77.590082,12.9767936,4927,Design Development|Software Engineering|Lighting|Computer Science|Product Quality|Automation Testing|Asset Management|GUI|Object Oriented Programming|Android Software Developer Telecom / ISP IT Software - Mobile
 Associate Level 1 - Fund Accounting,1 - 5 yrs, NAV calculation| Fund accounting| Automation| Corporate actions| Accounting| Process improvement| Analytical| Reconciliation| Standard operating procedures| Subject Matter Expert,Accounts,Chennai,"Accounts , Finance , Tax , Company Secretary , Audit","Banking, Financial Services, Broking",Accounts Executive/Accountant,80.270186,13.0836939,1906," NAV calculation| Fund accounting| Automation| Corporate actions| Accounting| Process improvement| Analytical| Reconciliation| Standard operating procedures| Subject Matter Expert Accounts Executive/Accountant Banking, Financial Services, Broking Accounts , Finance , Tax , Company Secretary , Audit"
 Associate Principal Analyst - Network Security Research,3 - 7 yrs, Networking| Secondary research| Recruitment| Analyst| Network security| Research| IPS| Advisory| Firewall,System Design/Implementation/ERP/CRM,Gurgaon,"IT Software - Application Programming , Maintenance","IT-Software, Software Services",Business Analyst,77.00270015,28.42826235,6272," Networking| Secondary research| Recruitment| Analyst| Network security| Research| IPS| Advisory| Firewall Business Analyst IT-Software, Software Services IT Software - Application Programming , Maintenance"
 Training Specialist,4 - 8 yrs, Team Management| Training Need Analysis| sales training| Retail Sales| MS Office| Product Training| Training| Team Building| Skill Development| Retail Marketing| trainer| Regional Management| Competency Mapping| Training Delivery,,Gurgaon,Other,"Telcom, ISP",Other,77.00270015,28.42826235,1784," Team Management| Training Need Analysis| sales training| Retail Sales| MS Office| Product Training| Training| Team Building| Skill Development| Retail Marketing| trainer| Regional Management| Competency Mapping| Training Delivery Other Telcom, ISP Other"
 Urgent Opening For Field Recruiter ,1 - 6 yrs, hiring| HRIS| procurement| HR| sourcing| Recruitment| staffing,HR/ Recruitment / IR,Delhi NCR,"HR , Recruitment , Administration , IR","Recruitment, Staffing",Recruitment Executive,77.1212148,28.6882438,3186," hiring| HRIS| procurement| HR| sourcing| Recruitment| staffing Recruitment Executive Recruitment, Staffing HR , Recruitment , Administration , IR"
 JAVA Developer,4 - 7 yrs, Computer science| Continuous improvement,Programming & Design,Kolkata,"IT Software - Application Programming , Maintenance","Internet, Ecommerce",Software Developer,88.35769124,22.5414185,5744," Computer science| Continuous improvement Software Developer Internet, Ecommerce IT Software - Application Programming , Maintenance"
 Urgent Openings For Pharma Freshers,0 - 3 yrs, pharmaceutical| medical| Pharma| medical billing| healthcare,Medical Professional,Pune,"Medical , Healthcare , R&D , Pharmaceuticals , Biotechnology","Pharma, Biotech, Clinical Research",Medical Representative,73.8544541,18.521428,5195," pharmaceutical| medical| Pharma| medical billing| healthcare Medical Representative Pharma, Biotech, Clinical Research Medical , Healthcare , R&D , Pharmaceuticals , Biotechnology"
 Front End Developer - Wordpress/html/css/javascript,3 - 5 yrs, CSS| Wordpress| MySQL| Javascript| PHP| HTML| JQuery| SEO| Ajax| Hosting,Programming & Design,Bengaluru,"IT Software - Application Programming , Maintenance","IT-Software, Software Services",Software Developer,77.590082,12.9767936,3683," CSS| Wordpress| MySQL| Javascript| PHP| HTML| JQuery| SEO| Ajax| Hosting Software Developer IT-Software, Software Services IT Software - Application Programming , Maintenance"
Mechanical Maintenance – Btech / Diploma, 0 - 2 Years,mechanical operation|preventive maintenance|mechanical|engineeringbreak down maintenance|mechanical maintenance,"Suguna Group was founded in the year 1984 with the inception of Suguna Foods in poultry sector by first generation entrepreneurs. Suguna is a USD 1.3 billion (INR 9,000 cr) group and leader in Indian protein food/animal farming industry. With an employee footprint of more than 8500, the group is in to poultry, dairy, processed protein food, animal nutrition, healthcare & biologicals. Group companies are Suguna Foods, Suguna Dairy, Globion, Aminovit Srilanka, Suguna Bangladesh and Kenya. Suguna Foods is the largest poultry enterprise in India and it ranks among the top 10 worldwide. The fully integrated operations cover broiler and layer farming, hatcheries, feed mills, processing plants, vaccines and exports. Suguna markets live broiler chicken, value added eggs, ready-to-eat and ready-to-cook chicken products. With the intent to provide consumers with fresh, clean and hygienic packed chicken, Suguna has set up a chain of modern retail outlets in the name of Ã¢â‚¬ËœDaily FresshÃ¢â‚¬â„¢. Suguna Foods pioneered contract farming in poultry industry, and now has presence in 21 states in India. Suguna as a brand is known for its quality products which has been well accepted by the consumers. Suguna Group always believes in energising rural India and providing nutritional security to India and is proud to associate with the mission of improving livelihood of 38,000 farmers", Hyderabad,Other,FMCG / Foods / Beverage,"Suguna Group was founded in the year 1984 with the inception of Suguna Foods in poultry sector by first generation entrepreneurs. Suguna is a USD 1.3 billion (INR 9,000 cr) group and leader in Indian protein food/animal farming industry. With an employee footprint of more than 8500, the group is in to poultry, dairy, processed protein food, animal nutrition, healthcare & biologicals. Group companies are Suguna Foods, Suguna Dairy, Globion, Aminovit Srilanka, Suguna Bangladesh and Kenya. Suguna Foods is the largest poultry enterprise in India and it ranks among the top 10 worldwide. The fully integrated operations cover broiler and layer farming, hatcheries, feed mills, processing plants, vaccines and exports. Suguna markets live broiler chicken, value added eggs, ready-to-eat and ready-to-cook chicken products. With the intent to provide consumers with fresh, clean and hygienic packed chicken, Suguna has set up a chain of modern retail outlets in the name of Ã¢â‚¬ËœDaily FresshÃ¢â‚¬â„¢. Suguna Foods pioneered contract farming in poultry industry, and now has presence in 21 states in India. Suguna as a brand is known for its quality products which has been well accepted by the consumers. Suguna Group always believes in energising rural India and providing nutritional security to India and is proud to associate with the mission of improving livelihood of 38,000 farmers",78.4740613,17.360589,6087,"mechanical operation|preventive maintenance|mechanical|engineeringbreak down maintenance|mechanical maintenance Suguna Group was founded in the year 1984 with the inception of Suguna Foods in poultry sector by first generation entrepreneurs. Suguna is a USD 1.3 billion (INR 9,000 cr) group and leader in Indian protein food/animal farming industry. With an employee footprint of more than 8500, the group is in to poultry, dairy, processed protein food, animal nutrition, healthcare & biologicals. Group companies are Suguna Foods, Suguna Dairy, Globion, Aminovit Srilanka, Suguna Bangladesh and Kenya. Suguna Foods is the largest poultry enterprise in India and it ranks among the top 10 worldwide. The fully integrated operations cover broiler and layer farming, hatcheries, feed mills, processing plants, vaccines and exports. Suguna markets live broiler chicken, value added eggs, ready-to-eat and ready-to-cook chicken products. With the intent to provide consumers with fresh, clean and hygienic packed chicken, Suguna has set up a chain of modern retail outlets in the name of Ã¢â‚¬ËœDaily FresshÃ¢â‚¬â„¢. Suguna Foods pioneered contract farming in poultry industry, and now has presence in 21 states in India. Suguna as a brand is known for its quality products which has been well accepted by the consumers. Suguna Group always believes in energising rural India and providing nutritional security to India and is proud to associate with the mission of improving livelihood of 38,000 farmers FMCG / Foods / Beverage Other"
 PHP Developer,2 - 6 yrs, javascript| html| ajax| jquery| php mysql| smarty| api| analytical| third party| software development life cycle,Programming & Design,Noida,"IT Software - Application Programming , Maintenance","IT-Software, Software Services",Software Developer,77.3271074,28.5707841,5509," javascript| html| ajax| jquery| php mysql| smarty| api| analytical| third party| software development life cycle Software Developer IT-Software, Software Services IT Software - Application Programming , Maintenance"
Sr.consultant-power Distribution, 4 - 7 Years,Renewable energy|Power distribution|Power sector|Banking|Electricals,Voice,Gurgaon,"ITES , BPO , KPO , LPO , Customer Service , Operations",Accounting / Finance,Associate/Senior Associate -(NonTechnical),77.00270015,28.42826235,4560,"Renewable energy|Power distribution|Power sector|Banking|Electricals Associate/Senior Associate -(NonTechnical) Accounting / Finance ITES , BPO , KPO , LPO , Customer Service , Operations"
" Chinese, Spanish Language Expert (proofcheck Medical Content),",2 - 7 yrs, spanish language expert| chinese| spanish| medical,Journalist/Writer,"Delhi NCR,Bengaluru","Journalism , Editing , Content","Medical, Healthcare, Hospitals",Proof Reader,121.0977529,14.6719732,4235," spanish language expert| chinese| spanish| medical Proof Reader Medical, Healthcare, Hospitals Journalism , Editing , Content"
 Hiring for Tech Sales_Inbound UK/ US Voice Process,1 - 5 yrs, Sales Associate| support| Voice process| Issue| Senior| Technical| Inbound calls| Bonus| US shift| Software,Voice,Kolkata,"ITES , BPO , KPO , LPO , Customer Service , Operations","IT-Software, Software Services",Associate/Senior Associate -(NonTechnical),88.35769124,22.5414185,3101," Sales Associate| support| Voice process| Issue| Senior| Technical| Inbound calls| Bonus| US shift| Software Associate/Senior Associate -(NonTechnical) IT-Software, Software Services ITES , BPO , KPO , LPO , Customer Service , Operations"
 SUPPORT Engineers (FEMALE CANDIDATES),1 - 5 yrs, MCSE| Database| Support Engineer,Back Office/Web/Transaction Processing,Hyderabad,"ITES , BPO , KPO , LPO , Customer Service , Operations","IT-Software, Software Services",Associate/Senior Associate -(Technical),78.4740613,17.360589,3096," MCSE| Database| Support Engineer Associate/Senior Associate -(Technical) IT-Software, Software Services ITES , BPO , KPO , LPO , Customer Service , Operations"
 MS SQL Developer : 0 - 2 Years (only MALE Candidates),1 - 3 yrs, SSRS| SQL Server| Stored Procedures| SQL Development| MS SQL,Programming & Design,Hyderabad,"IT Software - Application Programming , Maintenance","IT-Software, Software Services",Software Developer,78.4740613,17.360589,1934," SSRS| SQL Server| Stored Procedures| SQL Development| MS SQL Software Developer IT-Software, Software Services IT Software - Application Programming , Maintenance"
 Machine Learning Engineer || Gurgaon/chandigarh Location,3 - 8 yrs, GIT| Linux| Machine Learning| Python,Programming & Design,"Delhi NCR,Chandigarh","IT Software - Application Programming , Maintenance","IT-Software, Software Services",Software Developer,,,2319," GIT| Linux| Machine Learning| Python Software Developer IT-Software, Software Services IT Software - Application Programming , Maintenance"
 Nurses,2 - 5 yrs, GNM| Business Executive,Medical Professional,Pune,"Medical , Healthcare , R&D , Pharmaceuticals , Biotechnology","Internet, Ecommerce",Nurse,73.8544541,18.521428,2098," GNM| Business Executive Nurse Internet, Ecommerce Medical , Healthcare , R&D , Pharmaceuticals , Biotechnology"
 Marketing Executive,2 - 7 yrs, institutions| relationships| marketing executive| customer| customers| implementation| company| site| product,Marketing,"Noida,Noida/Greater Noida","Marketing , Advertising , MR , PR , Media Planning","IT-Software, Software Services",Direct Marketing Executive,77.3327483,28.54322285,4807," institutions| relationships| marketing executive| customer| customers| implementation| company| site| product Direct Marketing Executive IT-Software, Software Services Marketing , Advertising , MR , PR , Media Planning"
HR Recruiter (volume Hiring), 2 - 5 Years,Recruitment|Volume Hiring|HR|BPO Hiring|Sourcing|Interviewing|Onboarding|Staffing|Orientation|Human Resource Management,HR/ Recruitment / IR, Gurgaon,"HR , Recruitment , Administration , IR",BPO / Call Centre / ITES,HR Executive,77.00270015,28.42826235,6631,"Recruitment|Volume Hiring|HR|BPO Hiring|Sourcing|Interviewing|Onboarding|Staffing|Orientation|Human Resource Management HR Executive BPO / Call Centre / ITES HR , Recruitment , Administration , IR"
 Java Full Stack Developer,4 - 7 yrs, Java| CSS| Rest| Spring Mvc| Javascript| HTML| JPA| Spring Boot| JQuery| Web Services,Programming & Design,Pune,"IT Software - Application Programming , Maintenance","IT-Software, Software Services",Software Developer,73.8544541,18.521428,6708," Java| CSS| Rest| Spring Mvc| Javascript| HTML| JPA| Spring Boot| JQuery| Web Services Software Developer IT-Software, Software Services IT Software - Application Programming , Maintenance"
 GM Finance- Export Import Company,10 - 17 yrs, financial analysis| financial planning| taxation| VP Finance,Senior Management,Mumbai,"Accounts , Finance , Tax , Company Secretary , Audit","Export, Import",Head/VP/GM-Finance/Audit,72.8773928,19.0759899,2007," financial analysis| financial planning| taxation| VP Finance Head/VP/GM-Finance/Audit Export, Import Accounts , Finance , Tax , Company Secretary , Audit"
 Content Writer,1 - 3 yrs, Publishing| SEO| Content management| Social media| Wordpress| Management systems| Research| Brand awareness| Web technologies| Journalism,Content Development,Bengaluru,"Journalism , Editing , Content","Advertising, PR, MR, Event Management",Content Developer,77.590082,12.9767936,4162," Publishing| SEO| Content management| Social media| Wordpress| Management systems| Research| Brand awareness| Web technologies| Journalism Content Developer Advertising, PR, MR, Event Management Journalism , Editing , Content"
 Job Opening for Sm/avp_credit Audit_mumbai,7 - 10 yrs, Auditing| Audit Planning| Risk Assessment| Banking| Credit Risk| Credit Policy,Senior Management,Mumbai,"Accounts , Finance , Tax , Company Secretary , Audit","Banking, Financial Services, Broking",Head/VP/GM-CFO/Financial Controller,72.8773928,19.0759899,3882," Auditing| Audit Planning| Risk Assessment| Banking| Credit Risk| Credit Policy Head/VP/GM-CFO/Financial Controller Banking, Financial Services, Broking Accounts , Finance , Tax , Company Secretary , Audit"
 iOS Game Developer,3 - 8 yrs, c++| development| gaming| C| software| HTML| ios| opengl| iphone| design| MySQL| JavaScript,Programming & Design,"Faridabad,Gurgaon,Mumbai","IT Software - Application Programming , Maintenance","IT-Software, Software Services",Software Developer,77.2005601,28.4070322,1860," c++| development| gaming| C| software| HTML| ios| opengl| iphone| design| MySQL| JavaScript Software Developer IT-Software, Software Services IT Software - Application Programming , Maintenance"
 Hiring: Executive-business Developer(seller Acquisition) On Contract,1 - 4 yrs, business development| e - commerce| sales executive| sales associate| sales officer| sales| field sales| mba fresher| fresher| new product development| channel sales,Retail Sales,Ahmedabad,"Sales , Retail , Business Development","Internet, Ecommerce",Sales Executive/Officer,72.5797068,23.0216238,3241," business development| e - commerce| sales executive| sales associate| sales officer| sales| field sales| mba fresher| fresher| new product development| channel sales Sales Executive/Officer Internet, Ecommerce Sales , Retail , Business Development"
 Java/j2ee Application Developer,3 - 6 yrs, rest| java| sql| oop| angularjs| ui development| oracle,Programming & Design,Mumbai,"IT Software - Application Programming , Maintenance","Banking, Financial Services, Broking",Software Developer,72.8773928,19.0759899,3436," rest| java| sql| oop| angularjs| ui development| oracle Software Developer Banking, Financial Services, Broking IT Software - Application Programming , Maintenance"
" Accepting Application for Intership for Java, PHP, Web Design, Android",0 - 1 yrs, Javascript| PHP| HTML| Visualization| jQuery| web| Programming| Commerce| Web designing| Application| Android,Programming & Design,Pune,"IT Software - Application Programming , Maintenance","IT-Software, Software Services",Software Developer,73.8544541,18.521428,2821," Javascript| PHP| HTML| Visualization| jQuery| web| Programming| Commerce| Web designing| Application| Android Software Developer IT-Software, Software Services IT Software - Application Programming , Maintenance"
 Automation-Expert-Senior-Automation-Expert,3 - 5 yrs, Process automation| Commodity Markets| Artificial Intelligence| Market intelligence| Machine learning| Corporate| Relationship| Operations| Analytics| Robotics,Programming & Design,"Gurgaon,haryana",IT Software - QA & Testing,"IT-Software, Software Services",Team Lead/Technical Lead,77.00270015,28.42826235,2090," Process automation| Commodity Markets| Artificial Intelligence| Market intelligence| Machine learning| Corporate| Relationship| Operations| Analytics| Robotics Team Lead/Technical Lead IT-Software, Software Services IT Software - QA & Testing"
 Product Manager- Marketing(consumer Durables),5 - 10 yrs, IT Sales| Marketing Campaigns| Social Media| Btl| Marketing Management| Digital Marketing| Dealer Sales| Channel Partners| Communication Skills| Process Flow,Institutional Sales,Mumbai,"Sales , Retail , Business Development","Banking, Financial Services, Broking",Sales/Business Development Manager,72.8773928,19.0759899,2385," IT Sales| Marketing Campaigns| Social Media| Btl| Marketing Management| Digital Marketing| Dealer Sales| Channel Partners| Communication Skills| Process Flow Sales/Business Development Manager Banking, Financial Services, Broking Sales , Retail , Business Development"
 Embedded Android Engineer,10 - 12 yrs, Android| Troubleshooting| Middleware| Firmware| SOC| Linux kernel| Bluetooth| Computer science| Test scripts| Test strategy,Programming & Design,Noida,"IT Software - Embedded , EDA , VLSI , ASIC , Chip Design","Semiconductors, Electronics",Software Developer,77.3271074,28.5707841,1880," Android| Troubleshooting| Middleware| Firmware| SOC| Linux kernel| Bluetooth| Computer science| Test scripts| Test strategy Software Developer Semiconductors, Electronics IT Software - Embedded , EDA , VLSI , ASIC , Chip Design"
 Inbound International BPO Voice Process-US Shift,1 - 4 yrs, Outbound| Antivirus| Technical support| Voice process| Technical Support Executive| US shift| Inbound voice process| Customer Service Executive| Comp| International BPO,Voice,Kolkata,"ITES , BPO , KPO , LPO , Customer Service , Operations","IT-Software, Software Services",Associate/Senior Associate -(NonTechnical),88.35769124,22.5414185,6309," Outbound| Antivirus| Technical support| Voice process| Technical Support Executive| US shift| Inbound voice process| Customer Service Executive| Comp| International BPO Associate/Senior Associate -(NonTechnical) IT-Software, Software Services ITES , BPO , KPO , LPO , Customer Service , Operations"
 Jr. Support Executives,1 - 6 yrs,vide,Other,Mumbai,"IT Hardware , Technical Support , Telecom Engineering",IT-Hardware & Networking,Fresher,72.8773928,19.0759899,6466,"vide Fresher IT-Hardware & Networking IT Hardware , Technical Support , Telecom Engineering"
 Sales Executive,0 - 1 yrs, Sales Executive| Cold calling| market research| customer profiling| sales executive| marketing executive| distributors| Business Development| sales strategy,Retail Sales,"Coimbatore,Raipur,Visakhapatnam,Pune","Sales , Retail , Business Development","Industrial Products, Heavy Machinery",Sales Executive/Officer,,,2329," Sales Executive| Cold calling| market research| customer profiling| sales executive| marketing executive| distributors| Business Development| sales strategy Sales Executive/Officer Industrial Products, Heavy Machinery Sales , Retail , Business Development"
 Recruitment Officer ,0 - 1 yrs, Administration| HR| Recruitment| Recruitment Executive| IR,HR/ Recruitment / IR,Bengaluru,"HR , Recruitment , Administration , IR","Recruitment, Staffing",Recruitment Executive,77.590082,12.9767936,1824," Administration| HR| Recruitment| Recruitment Executive| IR Recruitment Executive Recruitment, Staffing HR , Recruitment , Administration , IR"
 Senior Principal Software Engineer,8 - 10 yrs, Web development| Analytics| Healthcare| Software design| Monitoring| JIRA| Computer science| Backend| Inside sales| Cloud,Programming & Design,Pune,"IT Software - Application Programming , Maintenance","BPO, Call Centre, ITeS",Technical Architect,73.8544541,18.521428,3944," Web development| Analytics| Healthcare| Software design| Monitoring| JIRA| Computer science| Backend| Inside sales| Cloud Technical Architect BPO, Call Centre, ITeS IT Software - Application Programming , Maintenance"
 Senior Branch Sales & Development Head - Agency - General Insurance,5 - 9 yrs, Team Management| Advisory Services| General Insurance| Sales Initiatives| Financial Products| Distributor Sales| Branch Sales| Sales Development| Motor Insurance| Marketing,General Insurance,"Delhi NCR,Mumbai,Pune,Ahmedabad,Gurgaon,Nagpur,Gujarat,Maharashtra,Nashik","Financial Services , Banking , Investments , Insurance",Insurance,Branch Manager,,,2887," Team Management| Advisory Services| General Insurance| Sales Initiatives| Financial Products| Distributor Sales| Branch Sales| Sales Development| Motor Insurance| Marketing Branch Manager Insurance Financial Services , Banking , Investments , Insurance"
 Pharma/nutrition Sales Profile Opening with Hexagon Nutrition,0 - 5 yrs, clinical pharmacy| mr| sales officer| territory executive| business development| sales executive,Retail Sales,"Chennai,Bengaluru","Sales , Retail , Business Development","Pharma, Biotech, Clinical Research",Sales Executive/Officer,77.5660159,13.0140789,4992," clinical pharmacy| mr| sales officer| territory executive| business development| sales executive Sales Executive/Officer Pharma, Biotech, Clinical Research Sales , Retail , Business Development"
 Urgent job Position For SAP MDG Functional Analyst- All Over India,6 - 11 yrs,vide,System Design/Implementation/ERP/CRM,"Delhi NCR,Mumbai,Bengaluru","IT Software - Application Programming , Maintenance","IT-Software, Software Services",ERP Consultant,121.0977529,14.6719732,1558,"vide ERP Consultant IT-Software, Software Services IT Software - Application Programming , Maintenance"
 Manager / Asst. Manager - Vendor Development ( Purchase ) - Gurgaon,7 - 12 yrs, sap| procurement| scm| material| sheetmetal| sheet metal| purchase| VD| vendor development| sourcing| BOP,Purchase/Material Management,Gurgaon,"Supply Chain , Logistics , Purchase , Materials","Industrial Products, Heavy Machinery",Purchase/Vendor Development Manager,77.00270015,28.42826235,2929," sap| procurement| scm| material| sheetmetal| sheet metal| purchase| VD| vendor development| sourcing| BOP Purchase/Vendor Development Manager Industrial Products, Heavy Machinery Supply Chain , Logistics , Purchase , Materials"
 Java with AngularJS and Spring,3 - 6 yrs, Angularjs| CSS| Core Java| DOM| Computer Science| Javascript| HTML| Spring| Ajax,Programming & Design,Greater Noida,"IT Software - Application Programming , Maintenance","IT-Software, Software Services",Software Developer,77.5137649,28.4670734,5708," Angularjs| CSS| Core Java| DOM| Computer Science| Javascript| HTML| Spring| Ajax Software Developer IT-Software, Software Services IT Software - Application Programming , Maintenance"
 Manager- Admission,2 - 7 yrs, data analysis| Admissions| placements| Help Desk| access controls| Asset Management,Other,Ghaziabad,"Teaching , Education , Training , Counselling","Education, Teaching, Training",Other,77.45268496,28.7218316,3367," data analysis| Admissions| placements| Help Desk| access controls| Asset Management Other Education, Teaching, Training Teaching , Education , Training , Counselling"
 Full Time Academic Writer for Ca/cma- Accounting & Taxation,0 - 3 yrs, academic research| accounting| taxation| ifrs| us gaap| international taxation| cost accounting| company secretary| auditing| company law| corporate law| icwa| cma,,"Delhi NCR,Delhi,Greater Noida,Gurgaon,Noida",Other,"Education, Teaching, Training",Other,,,3768," academic research| accounting| taxation| ifrs| us gaap| international taxation| cost accounting| company secretary| auditing| company law| corporate law| icwa| cma Other Education, Teaching, Training Other"
 Sales Head for It Consulting Company in Gurgaon,4 - 8 yrs, marketing| bdm| sales| business development| it sales| ncr| hardware sales,Retail Sales,Gurgaon,"Sales , Retail , Business Development","Recruitment, Staffing",Sales/Business Development Manager,77.00270015,28.42826235,2522," marketing| bdm| sales| business development| it sales| ncr| hardware sales Sales/Business Development Manager Recruitment, Staffing Sales , Retail , Business Development"
 Adeeba Group is Currently hiring for US Inbound Tech Process.,2 - 7 yrs, Outbound| Night shift| Service| English| process| Technical| Technical support| Inbound calls| Voice process| Group,Voice,Kolkata,"ITES , BPO , KPO , LPO , Customer Service , Operations","IT-Software, Software Services",Associate/Senior Associate -(Technical),88.35769124,22.5414185,2739," Outbound| Night shift| Service| English| process| Technical| Technical support| Inbound calls| Voice process| Group Associate/Senior Associate -(Technical) IT-Software, Software Services ITES , BPO , KPO , LPO , Customer Service , Operations"
 Mechanical Engineer Require For Shut Down,5 - 10 yrs, RT| PT| MPI| NDT Inspection| NDT Level| Diploma| Quality Inspection| Level Ii| Inspection Engineering| Mechanical Engineering| UT,Production/Manufacturing/Maintenance,Kolkata,"Production , Manufacturing , Maintenance","Oil and Gas, Energy, Power, Infrastructure",Service/Maintenance Engineer,88.35769124,22.5414185,2459," RT| PT| MPI| NDT Inspection| NDT Level| Diploma| Quality Inspection| Level Ii| Inspection Engineering| Mechanical Engineering| UT Service/Maintenance Engineer Oil and Gas, Energy, Power, Infrastructure Production , Manufacturing , Maintenance"
 CARE Specialist,2 - 5 yrs, Customer service| Healthcare| Customer relationship| Windows| Graphic designing| CAD| Illustrator| Customer satisfaction| Application software,Voice,Ahmedabad,"ITES , BPO , KPO , LPO , Customer Service , Operations","Printing, Packaging",Associate/Senior Associate -(NonTechnical),72.5797068,23.0216238,1678," Customer service| Healthcare| Customer relationship| Windows| Graphic designing| CAD| Illustrator| Customer satisfaction| Application software Associate/Senior Associate -(NonTechnical) Printing, Packaging ITES , BPO , KPO , LPO , Customer Service , Operations"
 Opening For Fresher,0 - 1 yrs, BPO| any graduate| Voice Process| Voice Support,Voice,Chennai,"ITES , BPO , KPO , LPO , Customer Service , Operations","BPO, Call Centre, ITeS",Associate/Senior Associate -(NonTechnical),80.270186,13.0836939,6591," BPO| any graduate| Voice Process| Voice Support Associate/Senior Associate -(NonTechnical) BPO, Call Centre, ITeS ITES , BPO , KPO , LPO , Customer Service , Operations"
 Technical Support Associate / Technical Sales Associate-Inbound Voice ,0 - 3 yrs, Outbound| Antivirus| Comp| Technical support| Technical Support Associate| technical sales associate| Sales| Technical Associate| Voice support| Inbound calls,Voice,Kolkata,"ITES , BPO , KPO , LPO , Customer Service , Operations","IT-Software, Software Services",Associate/Senior Associate -(Technical),88.35769124,22.5414185,5972," Outbound| Antivirus| Comp| Technical support| Technical Support Associate| technical sales associate| Sales| Technical Associate| Voice support| Inbound calls Associate/Senior Associate -(Technical) IT-Software, Software Services ITES , BPO , KPO , LPO , Customer Service , Operations"
 Head of Maintenance,12 - 18 yrs, Equipment Maintenance| Hydraulics| Inventory Management| Management Skills| Maintenance Head| Electricals,Senior Management,"Mumbai,Pune","Production , Manufacturing , Maintenance","Automobile, Auto Anciliary, Auto Components",Head/VP/GM-Production/Manufacturing/Maintenance,73.85682537,18.52930005,6176," Equipment Maintenance| Hydraulics| Inventory Management| Management Skills| Maintenance Head| Electricals Head/VP/GM-Production/Manufacturing/Maintenance Automobile, Auto Anciliary, Auto Components Production , Manufacturing , Maintenance"
" Tcs Hiring For Support Analyst - Bigdata(apache Hadoop,aws Certified)",2 - 6 yrs, hive| apache| itil process| hadoop| big data| aws| core java,Programming & Design,Chennai,"IT Software - Application Programming , Maintenance","IT-Software, Software Services",Software Developer,80.270186,13.0836939,4642," hive| apache| itil process| hadoop| big data| aws| core java Software Developer IT-Software, Software Services IT Software - Application Programming , Maintenance"
 Job Opening For Corporate Sales (insurance Broking) Mumbai/ Bangalore,3 - 8 yrs, motor insurance| insurance sales| insurance broking| general insurance,Corporate Sales,"Mumbai,Bengaluru","Sales , Retail , Business Development",Insurance,Sales/Business Development Manager,77.5718472,13.0002869,2977," motor insurance| insurance sales| insurance broking| general insurance Sales/Business Development Manager Insurance Sales , Retail , Business Development"
Spring Boot, 3 - 8 Years,SQL|Hibernate|Multithreading|OOAD|Eclipse|Business process|Outsourcing|Version control|Memory management|Control system,Programming & Design, Bengaluru,"IT Software - Application Programming , Maintenance",IT-Software / Software Services,Team Lead/Technical Lead,77.590082,12.9767936,5170,"SQL|Hibernate|Multithreading|OOAD|Eclipse|Business process|Outsourcing|Version control|Memory management|Control system Team Lead/Technical Lead IT-Software / Software Services IT Software - Application Programming , Maintenance"
 Sr. Engineer Design (Mechanical),2 - 6 yrs, CATIA| AutoCAD| Pressure vessels| Mechanical| Primavera| PSCAD,Engineering Design,Pune,"Engineering Design , R&D","Strategy, Management Consulting Firms",Senior Design Engineer,73.8544541,18.521428,2998," CATIA| AutoCAD| Pressure vessels| Mechanical| Primavera| PSCAD Senior Design Engineer Strategy, Management Consulting Firms Engineering Design , R&D"
 Senior Manager Cost & Program Management,6 - 9 yrs, Team Management| Project Execution| Program Management| Customer Experience| Data Analytics| Supply Chain| Operations Planning,Purchase/Material Management,Bengaluru,Purchase / Logistics / Supply Chain,"Internet, Ecommerce",Purchase/Vendor Development Manager,77.590082,12.9767936,6415," Team Management| Project Execution| Program Management| Customer Experience| Data Analytics| Supply Chain| Operations Planning Purchase/Vendor Development Manager Internet, Ecommerce Purchase / Logistics / Supply Chain"
 Manager Sales Commercial Segment,4 - 9 yrs, business development management| Sales Management,Retail Sales,"Delhi NCR,Chandigarh,Mohali","Sales , Retail , Business Development","Real Estate, Property",Sales/Business Development Manager,,,2264," business development management| Sales Management Sales/Business Development Manager Real Estate, Property Sales , Retail , Business Development"
 Outbound Sales Executive,1 - 5 yrs, Outbound Sales| tele sales| Sales Executive Activities,,Pune,Other,Other,Other,73.8544541,18.521428,6063, Outbound Sales| tele sales| Sales Executive Activities Other Other Other
 US Tech Process,0 - 1 yrs, Technical support| Outbound| Comp| Technical| Domestic BPO| US shift| process| Inbound calls| Bonus,Voice,Kolkata,"ITES , BPO , KPO , LPO , Customer Service , Operations","IT-Software, Software Services",Associate/Senior Associate -(Technical),88.35769124,22.5414185,4291," Technical support| Outbound| Comp| Technical| Domestic BPO| US shift| process| Inbound calls| Bonus Associate/Senior Associate -(Technical) IT-Software, Software Services ITES , BPO , KPO , LPO , Customer Service , Operations"
" Community Manager,",0 - 1 yrs, Operations| Inventory Management| Vendor Management| Bhm| Hospitality| Front Office| Guest Relations| Hospitality Management| hotel management,Front Office/Customer Care,Bengaluru,"Hotels , Restaurants","Travel , Hotels , Restaurants , Airlines , Railways",Front Office/Guest Relations Executive/Manager,77.590082,12.9767936,5975," Operations| Inventory Management| Vendor Management| Bhm| Hospitality| Front Office| Guest Relations| Hospitality Management| hotel management Front Office/Guest Relations Executive/Manager Travel , Hotels , Restaurants , Airlines , Railways Hotels , Restaurants"
 Software Engineer- Mobile Applications - Android,3 - 8 yrs, financial s| windows| android| mobile development,Programming & Design,Bengaluru,"IT Software - Application Programming , Maintenance","IT-Software, Software Services",Software Developer,77.590082,12.9767936,1915," financial s| windows| android| mobile development Software Developer IT-Software, Software Services IT Software - Application Programming , Maintenance"
 Hardware Board Design Engineer,3 - 8 yrs, Hardware Board Design| Mixed Signal| Design Engineering,Programming & Design,Bengaluru,"IT Software - Embedded , EDA , VLSI , ASIC , Chip Design","IT-Software, Software Services",Software Developer,77.590082,12.9767936,5066," Hardware Board Design| Mixed Signal| Design Engineering Software Developer IT-Software, Software Services IT Software - Embedded , EDA , VLSI , ASIC , Chip Design"
 Corporate Head - Operations,5 - 10 yrs, environment| functional| operations| business| verbal communication| coaching| analytical skills,Senior Management,Mumbai,"ITES , BPO , KPO , LPO , Customer Service , Operations","Security, Law Enforcement",Head/VP/GM-Operations,72.8773928,19.0759899,5426," environment| functional| operations| business| verbal communication| coaching| analytical skills Head/VP/GM-Operations Security, Law Enforcement ITES , BPO , KPO , LPO , Customer Service , Operations"
 HR Recruitment Executive,1 - 3 yrs, Screening| Linkedin| IT Recruitment| hr recruitment| Database| recruiter| Sourcing| Interviewing| Recruitment,HR/ Recruitment / IR,Noida,"HR , Recruitment , Administration , IR","BPO, Call Centre, ITeS",Recruitment Executive,77.3271074,28.5707841,5525," Screening| Linkedin| IT Recruitment| hr recruitment| Database| recruiter| Sourcing| Interviewing| Recruitment Recruitment Executive BPO, Call Centre, ITeS HR , Recruitment , Administration , IR"
 Software Engineer Android,2 - 6 yrs, java| linux| server| development| eclipse ide| c| technical| mobile| eclipse| objective c| usability| ui| design| debugging| backend| developer| programming| applications,Programming & Design,Pune,"IT Software - Application Programming , Maintenance","IT-Software, Software Services",Software Developer,73.8544541,18.521428,4995," java| linux| server| development| eclipse ide| c| technical| mobile| eclipse| objective c| usability| ui| design| debugging| backend| developer| programming| applications Software Developer IT-Software, Software Services IT Software - Application Programming , Maintenance"
 Sales Coordinator,0 - 2 yrs, Retail Sales| Sales Executive Activities| Revenue Generation| Inhouse Sales,Retail Sales,Ahmedabad,"Sales , Retail , Business Development","Retail, Wholesale",Counter Sales,72.5797068,23.0216238,2453," Retail Sales| Sales Executive Activities| Revenue Generation| Inhouse Sales Counter Sales Retail, Wholesale Sales , Retail , Business Development"
 Ecommerce Executive,0 - 5 yrs, BPO| Customer Support| international bpo| Voice Process| International Voice| International Voice Process,Voice,Gurgaon,"ITES , BPO , KPO , LPO , Customer Service , Operations","BPO, Call Centre, ITeS",Associate/Senior Associate -(NonTechnical),77.00270015,28.42826235,2912," BPO| Customer Support| international bpo| Voice Process| International Voice| International Voice Process Associate/Senior Associate -(NonTechnical) BPO, Call Centre, ITeS ITES , BPO , KPO , LPO , Customer Service , Operations"
 Team Lead / Dev Lead,5 - 7 yrs, J2Ee| Core Java| jQuery| ERP| Tomcat| Eclipse| Open source| Selenium| Computer science| OFBIZ,Programming & Design,Bengaluru,"IT Software - Application Programming , Maintenance","IT-Software, Software Services",Team Lead/Technical Lead,77.590082,12.9767936,3472," J2Ee| Core Java| jQuery| ERP| Tomcat| Eclipse| Open source| Selenium| Computer science| OFBIZ Team Lead/Technical Lead IT-Software, Software Services IT Software - Application Programming , Maintenance"
 Andriod Developer,0 - 2 yrs, Android Development| Android Studio| Java| Troubleshooting| API Testing| API,,"Mumbai,Mumbai Suburbs",Other,"Media, Entertainment, Internet",Other,72.9249,19.0637885,6374," Android Development| Android Studio| Java| Troubleshooting| API Testing| API Other Media, Entertainment, Internet Other"
 Physics Teacher,4 - 6 yrs, Counselor| Mentor| Trainer| Advisor| Teaching,Subject Teachers (TGT/PGT),Mumbai,"Teaching , Education , Training , Counselling","Education, Teaching, Training",Physics Teacher,72.8773928,19.0759899,5664," Counselor| Mentor| Trainer| Advisor| Teaching Physics Teacher Education, Teaching, Training Teaching , Education , Training , Counselling"
 Manager Sales &amp; Marketing,12 - 15 yrs, lead generation| branding| business development| Sales Management| market research| competitive intelligence| market analysis| Marketing,Institutional Sales,"Delhi NCR,Mumbai","Sales , Retail , Business Development","Chemicals, PetroChemical, Plastic, Rubber",Sales/Business Development Manager,121.0977529,14.6719732,6661," lead generation| branding| business development| Sales Management| market research| competitive intelligence| market analysis| Marketing Sales/Business Development Manager Chemicals, PetroChemical, Plastic, Rubber Sales , Retail , Business Development"
 Design Engineer,2 - 7 yrs, Wireless| Automation| Simulation| Networking| Aerospace| FPGA| Coding| System verilog| Automotive| Physical design,Engineering Design,Hyderabad,"Engineering Design , R&D","IT-Software, Software Services",Design Engineer,78.4740613,17.360589,2555," Wireless| Automation| Simulation| Networking| Aerospace| FPGA| Coding| System verilog| Automotive| Physical design Design Engineer IT-Software, Software Services Engineering Design , R&D"
 VERY Urgent Opening for IT Recruiter & Non IT Recruiter !! Apply NOW ,1 - 5 yrs, hr| recruitment| recruiter| hiring| head hunting| leadership| mass hiring| volume hiring| bulk hiring| team leader| senior| tl| non it| it recruitment| technical hiring| it recruiter| bfsi| engineering| manufacturing| insurance| bpo| IT,HR/ Recruitment / IR,Pune,"HR , Recruitment , Administration , IR","Recruitment, Staffing",Recruitment Executive,73.8544541,18.521428,5520," hr| recruitment| recruiter| hiring| head hunting| leadership| mass hiring| volume hiring| bulk hiring| team leader| senior| tl| non it| it recruitment| technical hiring| it recruiter| bfsi| engineering| manufacturing| insurance| bpo| IT Recruitment Executive Recruitment, Staffing HR , Recruitment , Administration , IR"
 Associate,0 - 3 yrs, Associate,Accounts,Bengaluru,"Accounts , Finance , Tax , Company Secretary , Audit","Accounting, Finance",Accounts Executive/Accountant,77.590082,12.9767936,2192," Associate Accounts Executive/Accountant Accounting, Finance Accounts , Finance , Tax , Company Secretary , Audit"
 Receptionist (Female),1 - 5 yrs, Receptionist| Administration| Front Desk| Travel Arrangements| Front Office| Computer Operating,,Delhi,"Executive Assistant , Front Office , Data Entry","Banking, Financial Services, Broking",Receptionist,77.2219388,28.6517178,3410," Receptionist| Administration| Front Desk| Travel Arrangements| Front Office| Computer Operating Receptionist Banking, Financial Services, Broking Executive Assistant , Front Office , Data Entry"
 Senior .NET Developer,2 - 7 yrs, javascript| html| sql server| ajax| jquery| soa| oop| english| proactive| asp net c,Programming & Design,"Ahmedabad,Ahmedabad","IT Software - Application Programming , Maintenance","IT-Software, Software Services",Software Developer,72.5797068,23.0216238,1670," javascript| html| sql server| ajax| jquery| soa| oop| english| proactive| asp net c Software Developer IT-Software, Software Services IT Software - Application Programming , Maintenance"
 Sales Manager : School & Higher Academic Books,5 - 10 yrs, marketing executive| Sales| distributors| customer profiling| sales strategy| market research| Business Development| sales executive,Corporate Sales,"Bengaluru,Hyderabad,Chennai,Mumbai","Sales , Retail , Business Development",Publishing,Sales/Business Development Manager,,,6923," marketing executive| Sales| distributors| customer profiling| sales strategy| market research| Business Development| sales executive Sales/Business Development Manager Publishing Sales , Retail , Business Development"
 Supply Chain - Import Export Executive,1 - 2 yrs, QMS| Impex| Environmental Management System| Warehouse Management System| Export Import Logistics,Logistics,Chennai,Purchase / Logistics / Supply Chain,"Automobile, Auto Anciliary, Auto Components",Logistics Executive,80.270186,13.0836939,1838," QMS| Impex| Environmental Management System| Warehouse Management System| Export Import Logistics Logistics Executive Automobile, Auto Anciliary, Auto Components Purchase / Logistics / Supply Chain"
 Walk-in Drive for Java Dev/sr. Dev on 29th June at Delhi,2 - 7 yrs, Java| core java| J2EE| Hibernate| Spring| LDAP| ADFS| Json| SOAP| jQuery| REST| Javascript| Java Web Services| Java Api| Advanced Java| MVC| Web Services| Open Source| SOA| Cloud| spring integration,Programming & Design,Noida,"IT Software - Application Programming , Maintenance","IT-Software, Software Services",Software Developer,77.3271074,28.5707841,2257," Java| core java| J2EE| Hibernate| Spring| LDAP| ADFS| Json| SOAP| jQuery| REST| Javascript| Java Web Services| Java Api| Advanced Java| MVC| Web Services| Open Source| SOA| Cloud| spring integration Software Developer IT-Software, Software Services IT Software - Application Programming , Maintenance"
 Hiring for Spring Boot Developer-noida,2 - 3 yrs, spring boot| spring security| spring mvc,Programming & Design,Noida,"IT Software - Application Programming , Maintenance","IT-Software, Software Services",Software Developer,77.3271074,28.5707841,4379," spring boot| spring security| spring mvc Software Developer IT-Software, Software Services IT Software - Application Programming , Maintenance"
 Dynamic CRM Architect,8 - 12 yrs, Dynamics CRM| .Net| Azure| Visual Studio| Microsoft Dynamics| Solution Management| Root Cause| microservices| .NET development,Programming & Design,Bengaluru,"IT Software - ERP , CRM","IT-Software, Software Services",Technical Architect,77.590082,12.9767936,2417," Dynamics CRM| .Net| Azure| Visual Studio| Microsoft Dynamics| Solution Management| Root Cause| microservices| .NET development Technical Architect IT-Software, Software Services IT Software - ERP , CRM"
 SE / SSE - DATA,3 - 8 yrs,vide,Programming & Design,Bengaluru,"IT Software - Application Programming , Maintenance","Telcom, ISP",Software Developer,77.590082,12.9767936,5800,"vide Software Developer Telcom, ISP IT Software - Application Programming , Maintenance"
 Hiring for Accounts Manager (business Development)- Radio In,2 - 6 yrs, Marketing Strategy| Strategic Thinking| Interpersonal Communication| Sales| Promotions| Accounting| Account Management| Team Leading| Business Development Management| Advertising,Retail Sales,Mumbai,"Sales , Retail , Business Development","Media, Entertainment, Internet",Sales/Business Development Manager,72.8773928,19.0759899,5115," Marketing Strategy| Strategic Thinking| Interpersonal Communication| Sales| Promotions| Accounting| Account Management| Team Leading| Business Development Management| Advertising Sales/Business Development Manager Media, Entertainment, Internet Sales , Retail , Business Development"
Urgent Openings for O2C, 0 - 2 Years,O2C|OTC|Order Management|Credit Management|Communication Skills,Accounts, Gurgaon,"Accounts , Finance , Tax , Company Secretary , Audit",Accounting / Finance,Accounts Executive/Accountant,77.00270015,28.42826235,2662,"O2C|OTC|Order Management|Credit Management|Communication Skills Accounts Executive/Accountant Accounting / Finance Accounts , Finance , Tax , Company Secretary , Audit"
 ARCHITECTURAL CAD,2 - 7 yrs, visualization| m e p| modeling| drafting| design development| drawings| cad| preparation| quality,Architectural Services,Kolkata,"Architecture , Interior Design","Construction, Engineering, Cement, Metals",Architect,88.35769124,22.5414185,3895," visualization| m e p| modeling| drafting| design development| drawings| cad| preparation| quality Architect Construction, Engineering, Cement, Metals Architecture , Interior Design"
" HCL Tech Hiring ""physical Design Engineers"" for VLSI R&D Division",5 - 10 yrs, pnr| primetime| sta| floorplan| timing closure| synthesis| vlsi| Physical design| floor planning,Engineering Design,"Bengaluru,Chennai,Hyderabad,Greater Noida","Engineering Design , R&D","Semiconductors, Electronics",Senior Design Engineer,,,3684," pnr| primetime| sta| floorplan| timing closure| synthesis| vlsi| Physical design| floor planning Senior Design Engineer Semiconductors, Electronics Engineering Design , R&D"
 Assistant Manager Purchase,10 - 12 yrs, Assistant Manager Purchase,Purchase/Material Management,"Gurgaon,Manesar","Supply Chain , Logistics , Purchase , Materials","Electricals, Switchgears",Purchase Executive,76.92637867,28.32470955,2207," Assistant Manager Purchase Purchase Executive Electricals, Switchgears Supply Chain , Logistics , Purchase , Materials"
 Sr. Cloud Developer,5 - 8 yrs, SQL| Python| Analytics| Machine learning| Solution architecture| Analytical| SCALA| Cosmos| Programming| Data warehousing,Programming & Design,"Mumbai,Indore,Pune","IT Software - Application Programming , Maintenance","Recruitment, Staffing",Software Developer,,,6355," SQL| Python| Analytics| Machine learning| Solution architecture| Analytical| SCALA| Cosmos| Programming| Data warehousing Software Developer Recruitment, Staffing IT Software - Application Programming , Maintenance"
 Hiring for Manager Quality ( Voice and Chat),3 - 6 yrs, BPO| Transactional Quality| Quality Management| Quality manager| manager Quality,Quality,Delhi NCR,"ITES , BPO , KPO , LPO , Customer Service , Operations","BPO, Call Centre, ITeS",Quality Assurance/Quality Control Manager,77.1212148,28.6882438,5672," BPO| Transactional Quality| Quality Management| Quality manager| manager Quality Quality Assurance/Quality Control Manager BPO, Call Centre, ITeS ITES , BPO , KPO , LPO , Customer Service , Operations"
" South Indian Cook,",2 - 5 yrs,vide,Senior Management,Bengaluru,"Hotels , Restaurants","Travel , Hotels , Restaurants , Airlines , Railways",Executive/Master Chef,77.590082,12.9767936,3668,"vide Executive/Master Chef Travel , Hotels , Restaurants , Airlines , Railways Hotels , Restaurants"
 Sharepoint Support Engineer,5 - 8 yrs, IIS| Exchange Server| Windows Server| WSS| Sharepoint| Active Directory,Admin/Maintenance/Security/Datawarehousing,Bengaluru,"IT Software - Network Administration , Security",IT-Hardware & Networking,Technical Support Engineer,77.590082,12.9767936,4677," IIS| Exchange Server| Windows Server| WSS| Sharepoint| Active Directory Technical Support Engineer IT-Hardware & Networking IT Software - Network Administration , Security"
 Asst Sales Manager_ API_ Chemical Distribution_ Mumbai,7 - 12 yrs, pharma chemicals| business development| api| intermediates| sales,Corporate Sales,Mumbai,"Sales , Retail , Business Development","Chemicals, PetroChemical, Plastic, Rubber",Sales/Business Development Manager,72.8773928,19.0759899,4098," pharma chemicals| business development| api| intermediates| sales Sales/Business Development Manager Chemicals, PetroChemical, Plastic, Rubber Sales , Retail , Business Development"
 Java- Technical Lead- Tavant Technologies - Hyderabad,5 - 9 yrs, Hibernate| Design Patterns| Cloud| Spring Boot| Team Leader| core java| Web Services| Microservices,Programming & Design,Hyderabad,"IT Software - Application Programming , Maintenance","IT-Software, Software Services",Team Lead/Technical Lead,78.4740613,17.360589,6454," Hibernate| Design Patterns| Cloud| Spring Boot| Team Leader| core java| Web Services| Microservices Team Lead/Technical Lead IT-Software, Software Services IT Software - Application Programming , Maintenance"
 Hiring For Oracle Apps DBA@ Hyderabad,10 - 20 yrs, Exadata| performance tuning| 11g| patching| sql| dataguard| rac| cassandra| oracle database| Weblogic| ebs| asm| apps dba| cloning,Admin/Maintenance/Security/Datawarehousing,Hyderabad,"IT Software - DBA , Datawarehousing","IT-Software, Software Services",DBA,78.4740613,17.360589,5279," Exadata| performance tuning| 11g| patching| sql| dataguard| rac| cassandra| oracle database| Weblogic| ebs| asm| apps dba| cloning DBA IT-Software, Software Services IT Software - DBA , Datawarehousing"
 Walk in For Pharmacist @ 1mg Technologies || Gurugram Sec 14,2 - 7 yrs, hospital| pharma| pharmacy,R&D,Gurgaon,"Medical , Healthcare , R&D , Pharmaceuticals , Biotechnology","Medical, Healthcare, Hospitals",Pharmacist/Chemist/Bio Chemist,77.00270015,28.42826235,2070," hospital| pharma| pharmacy Pharmacist/Chemist/Bio Chemist Medical, Healthcare, Hospitals Medical , Healthcare , R&D , Pharmaceuticals , Biotechnology"
" Agency Manager || Life Insurance ||ahmedabad , Bhopal , Vadodara",2 - 7 yrs, Sales| insurance sales| agency sales| Direct sales| life advisor| channel sales| life insurance advisor| life insurance| agency,Retail Sales,"Bhopal,Ahmedabad,Vadodara","Sales , Retail , Business Development",Insurance,Sales/Business Development Manager,,,5105," Sales| insurance sales| agency sales| Direct sales| life advisor| channel sales| life insurance advisor| life insurance| agency Sales/Business Development Manager Insurance Sales , Retail , Business Development"
 HR Trainer,2 - 5 yrs, Training Needs| Soft Skills| Accent| HR| Feedback| Coaching| Customer Service| Process Compliance,Teachers,Bengaluru,"Teaching , Education , Training , Counselling","BPO, Call Centre, ITeS",Technical / Process Trainer,77.590082,12.9767936,6205," Training Needs| Soft Skills| Accent| HR| Feedback| Coaching| Customer Service| Process Compliance Technical / Process Trainer BPO, Call Centre, ITeS Teaching , Education , Training , Counselling"
 Project Manager For Civil Work,10 - 20 yrs, Real Estate Construction| Project Management| Interpersonal Communication| Communication Skills| Project Manager| Project Coordinator| site coordinator,Production/Manufacturing/Maintenance,Ahmedabad (Ellisbridge) ,"Production , Manufacturing , Maintenance","Real Estate, Property",Project Manager-Production/Manufacturing/Maintenance,72.5716416,23.022886,2387," Real Estate Construction| Project Management| Interpersonal Communication| Communication Skills| Project Manager| Project Coordinator| site coordinator Project Manager-Production/Manufacturing/Maintenance Real Estate, Property Production , Manufacturing , Maintenance"
 Vacancy For Motion Graphic Artist,5 - 7 yrs, Graphics| Multimedia| Visualization| Infographics| Social Media| Adobe After Effects| Protools| Photoshop| Graphic Designing| English Language,,Pune,Other,"IT-Software, Software Services",Other,73.8544541,18.521428,6180," Graphics| Multimedia| Visualization| Infographics| Social Media| Adobe After Effects| Protools| Photoshop| Graphic Designing| English Language Other IT-Software, Software Services Other"
 Business Associate,0 - 3 yrs, international bpo| Chat Process| voice based process| tele caller| process developer| Sales| b.a| exl| communication skills| Ba| Blended Process| bba| wipro| tcs| bbm| customer support| bcom| cse| accenture| Fresher| wns,Voice,Gurgaon,"ITES , BPO , KPO , LPO , Customer Service , Operations","KPO, Research, Analytics",Associate/Senior Associate -(NonTechnical),77.00270015,28.42826235,1988," international bpo| Chat Process| voice based process| tele caller| process developer| Sales| b.a| exl| communication skills| Ba| Blended Process| bba| wipro| tcs| bbm| customer support| bcom| cse| accenture| Fresher| wns Associate/Senior Associate -(NonTechnical) KPO, Research, Analytics ITES , BPO , KPO , LPO , Customer Service , Operations"
 Project Support Officer/Administrator,1 - 5 yrs, project support| Banking| Maya| E-commerce| big data,Technical Support,Chennai,"IT Hardware , Technical Support , Telecom Engineering","IT-Software, Software Services",Customer Support Engineer/Technician,80.270186,13.0836939,5330," project support| Banking| Maya| E-commerce| big data Customer Support Engineer/Technician IT-Software, Software Services IT Hardware , Technical Support , Telecom Engineering"
" Immediate Requirement For Officer - IT @ Vibgyor High, Electronic City",1 - 6 yrs, Networking| It Asset| Antivirus| Hardware Troubleshooting,Admin/Maintenance/Security/Datawarehousing,Bengaluru,"IT Software - Application Programming , Maintenance","Education, Teaching, Training",System Administrator,77.590082,12.9767936,1542," Networking| It Asset| Antivirus| Hardware Troubleshooting System Administrator Education, Teaching, Training IT Software - Application Programming , Maintenance"
 Procurement - MDM,2 - 7 yrs, Procurement| Business process| IT services| Automation| data services| Master data management| Consulting| Vendor| Troubleshooting| Business Executive,Purchase/Material Management,Gurgaon,Purchase / Logistics / Supply Chain,"IT-Software, Software Services",Purchase/Vendor Development Manager,77.00270015,28.42826235,6851," Procurement| Business process| IT services| Automation| data services| Master data management| Consulting| Vendor| Troubleshooting| Business Executive Purchase/Vendor Development Manager IT-Software, Software Services Purchase / Logistics / Supply Chain"
 If You're an Experienced in International Tech Sales Then Call Us / In,1 - 4 yrs, Recruitment| Outbound| Technical support| English| Comp| Email| Troubleshooting| Domestic BPO| International BPO| Inbound calls,Voice,Kolkata,"ITES , BPO , KPO , LPO , Customer Service , Operations","IT-Software, Software Services",Associate/Senior Associate -(NonTechnical),88.35769124,22.5414185,6184," Recruitment| Outbound| Technical support| English| Comp| Email| Troubleshooting| Domestic BPO| International BPO| Inbound calls Associate/Senior Associate -(NonTechnical) IT-Software, Software Services ITES , BPO , KPO , LPO , Customer Service , Operations"
 Senior Game Artist,3 - 8 yrs, Photoshop| Illustrator| Fine arts| Software design| User interface designing| game development| creative content| Supervision| Relationship Executive| Business Executive,Programming & Design,Mumbai,IT Software - Telecom Software,"Animation, Gaming",Graphic/Web Designer,72.8773928,19.0759899,4353," Photoshop| Illustrator| Fine arts| Software design| User interface designing| game development| creative content| Supervision| Relationship Executive| Business Executive Graphic/Web Designer Animation, Gaming IT Software - Telecom Software"
 Manager (PR),5 - 8 yrs, marketing| project management| PR| project planning,Voice,Noida,"ITES , BPO , KPO , LPO , Customer Service , Operations","Education, Teaching, Training",Associate/Senior Associate -(NonTechnical),77.3271074,28.5707841,6753," marketing| project management| PR| project planning Associate/Senior Associate -(NonTechnical) Education, Teaching, Training ITES , BPO , KPO , LPO , Customer Service , Operations"
 Senior Engineer Project,2 - 5 yrs, Leadership training| Software development life cycle| Management,Project Management,"Manesar,Gurgaon,haryana","Site Engineering , Project Management","IT-Software, Software Services",Project Manager-IT/Software,76.92637867,28.32470955,3887," Leadership training| Software development life cycle| Management Project Manager-IT/Software IT-Software, Software Services Site Engineering , Project Management"
 PERL Developer,6 - 8 yrs, Python| Six Sigma| PMP| .NET| HTML| JavaScript| SQL| Oracle| assembly language| Real Time Operating Systems,Programming & Design,Bengaluru,"IT Software - Application Programming , Maintenance","BPO, Call Centre, ITeS",Software Developer,77.590082,12.9767936,6509," Python| Six Sigma| PMP| .NET| HTML| JavaScript| SQL| Oracle| assembly language| Real Time Operating Systems Software Developer BPO, Call Centre, ITeS IT Software - Application Programming , Maintenance"
" SME Techincal Supervisor_ Red Hat, Fuse, Apache, Camel_magarpatta",12 - 16 yrs, apache camel| Administration| Technical Support| redhat| Activemq,System Design/Implementation/ERP/CRM,Pune,"IT Software - Application Programming , Maintenance","IT-Software, Software Services",Subject Matter Expert,73.8544541,18.521428,6571," apache camel| Administration| Technical Support| redhat| Activemq Subject Matter Expert IT-Software, Software Services IT Software - Application Programming , Maintenance"
 Wire Industry,3 - 7 yrs, customer profiling| market research| sales executive| marketing executive| distributors| sales strategy| Business Development,Corporate Sales,"Gurgaon,Mumbai,Pune,Cuttack,Chennai,Kanpur,Kolkata,Raipur","Sales , Retail , Business Development","Recruitment, Staffing",Branch Manager/Regional Manager,,,5838," customer profiling| market research| sales executive| marketing executive| distributors| sales strategy| Business Development Branch Manager/Regional Manager Recruitment, Staffing Sales , Retail , Business Development"
 Manager Brand Marketing,4 - 7 yrs, customer segmentation| Brand management| Strategic partnerships| Brand marketing| Consumer insights| Performance appraisal| Operations| Promotional strategies| Marketing strategy| Recruitment,Marketing,Mumbai,"Marketing , Advertising , MR , PR , Media Planning","FMCG, Foods, Beverage",Product/Brand Manager,72.8773928,19.0759899,2257," customer segmentation| Brand management| Strategic partnerships| Brand marketing| Consumer insights| Performance appraisal| Operations| Promotional strategies| Marketing strategy| Recruitment Product/Brand Manager FMCG, Foods, Beverage Marketing , Advertising , MR , PR , Media Planning"
 Oracle Fusion Apps_manufacturing_any Location,6 - 11 yrs, Negotiation| Marine Operation| Oracle Fusion| Manufacturing| Inventory,System Design/Implementation/ERP/CRM,"Bengaluru,Pune","IT Software - ERP , CRM","IT-Software, Software Services",Functional Outside Consultant,73.912743,18.232257,6517," Negotiation| Marine Operation| Oracle Fusion| Manufacturing| Inventory Functional Outside Consultant IT-Software, Software Services IT Software - ERP , CRM"
 VP / Sr.vp Fire,17 - 27 yrs, Fire Safety| fire| Senior Management,Safety/Health/Environment,Delhi NCR,"Production , Manufacturing , Maintenance","Real Estate, Property",Safety Officer/Manager,77.1212148,28.6882438,5622," Fire Safety| fire| Senior Management Safety Officer/Manager Real Estate, Property Production , Manufacturing , Maintenance"
 Data Science Engineer,5 - 10 yrs, Unix| data science| SQL| Linux| SAS| HTML| Perl| SDLC| Android| Python,Programming & Design,Bengaluru,"IT Software - Application Programming , Maintenance","Medical, Healthcare, Hospitals",Software Developer,77.590082,12.9767936,2638," Unix| data science| SQL| Linux| SAS| HTML| Perl| SDLC| Android| Python Software Developer Medical, Healthcare, Hospitals IT Software - Application Programming , Maintenance"
Executive - Lab Instruments Maintenance, 3 - 7 Years,Installation|Breakdown Maintenance|Preventive Maintenance,"Equipment installation, calibration, validation and maintenance. Maintain the master list for preventive maintenance and calibration of GLP AND NONGLP Instruments Preparing the IQ,OQ,PQ Documentation for new equipment during installation Attend and rectifying the CENTRIFUGE,CO2 INCUBATOR ,HPLC, CENTRIFUGE, CELLCOUNTER, HPLC, ROTAVAPORS, INCUBATORS, WATER PURIFICATION SYSTEMS, FPLC breakdown issues Attend and rectifying the HPLC breakdown issues Coordinating with Vendors, Projects team, Validation team and end-users for installation and qualification (IQ, OQ and PQ) of all the Biologics department equipment. Zero down time maintenance of all laboratory department equipment. Maintaining stock of equipment accessories, spares and consumables as per requirement. To assist, attend and Execute Preventive Maintenance/Breakdown Maintenance for Various Biology and Analytical equipment. Attend breakdown Maintenance calls and Perform routine Preventive Maintenance for Instruments like CENTRIFUGE, CELLCOUNTER, HPLC, ROTAVAPORS, INCUBATORS, WATER PURIFICATION SYSTEMS, HEATING STIRRERS, FLASH CHROMATOGRAPHY SYSTEMS AND VARIOUS BIO-ANALYTICAL INSTRUMENTS IN JUBILANT BIOSYS. Working with Scientists to ensure smooth running of the Equi Salary: Not Disclosed by Recruiter Industry: Pharma / Biotech / Clinical Research Functional Area: Other Employment Type: Full Time, Permanent ",Bengaluru,"Other Employment Type: Full Time, Permanent",Pharma / Biotech / Clinical Research,"Equipment installation, calibration, validation and maintenance. Maintain the master list for preventive maintenance and calibration of GLP AND NONGLP Instruments Preparing the IQ,OQ,PQ Documentation for new equipment during installation Attend and rectifying the CENTRIFUGE,CO2 INCUBATOR ,HPLC, CENTRIFUGE, CELLCOUNTER, HPLC, ROTAVAPORS, INCUBATORS, WATER PURIFICATION SYSTEMS, FPLC breakdown issues Attend and rectifying the HPLC breakdown issues Coordinating with Vendors, Projects team, Validation team and end-users for installation and qualification (IQ, OQ and PQ) of all the Biologics department equipment. Zero down time maintenance of all laboratory department equipment. Maintaining stock of equipment accessories, spares and consumables as per requirement. To assist, attend and Execute Preventive Maintenance/Breakdown Maintenance for Various Biology and Analytical equipment. Attend breakdown Maintenance calls and Perform routine Preventive Maintenance for Instruments like CENTRIFUGE, CELLCOUNTER, HPLC, ROTAVAPORS, INCUBATORS, WATER PURIFICATION SYSTEMS, HEATING STIRRERS, FLASH CHROMATOGRAPHY SYSTEMS AND VARIOUS BIO-ANALYTICAL INSTRUMENTS IN JUBILANT BIOSYS. Working with Scientists to ensure smooth running of the Equi Salary: Not Disclosed by Recruiter Industry: Pharma / Biotech / Clinical Research Functional Area: Other Employment Type: Full Time, Permanent",77.590082,12.9767936,2273,"Installation|Breakdown Maintenance|Preventive Maintenance Equipment installation, calibration, validation and maintenance. Maintain the master list for preventive maintenance and calibration of GLP AND NONGLP Instruments Preparing the IQ,OQ,PQ Documentation for new equipment during installation Attend and rectifying the CENTRIFUGE,CO2 INCUBATOR ,HPLC, CENTRIFUGE, CELLCOUNTER, HPLC, ROTAVAPORS, INCUBATORS, WATER PURIFICATION SYSTEMS, FPLC breakdown issues Attend and rectifying the HPLC breakdown issues Coordinating with Vendors, Projects team, Validation team and end-users for installation and qualification (IQ, OQ and PQ) of all the Biologics department equipment. Zero down time maintenance of all laboratory department equipment. Maintaining stock of equipment accessories, spares and consumables as per requirement. To assist, attend and Execute Preventive Maintenance/Breakdown Maintenance for Various Biology and Analytical equipment. Attend breakdown Maintenance calls and Perform routine Preventive Maintenance for Instruments like CENTRIFUGE, CELLCOUNTER, HPLC, ROTAVAPORS, INCUBATORS, WATER PURIFICATION SYSTEMS, HEATING STIRRERS, FLASH CHROMATOGRAPHY SYSTEMS AND VARIOUS BIO-ANALYTICAL INSTRUMENTS IN JUBILANT BIOSYS. Working with Scientists to ensure smooth running of the Equi Salary: Not Disclosed by Recruiter Industry: Pharma / Biotech / Clinical Research Functional Area: Other Employment Type: Full Time, Permanent Pharma / Biotech / Clinical Research Other Employment Type: Full Time, Permanent"
 Immediate job Opportunity For Printer Engineer in Mumbai - Vashi,1 - 2 yrs, dot matrix| printer| printer support| Laserjet| Hardware,Technical Support,Navi Mumbai,"IT Hardware , Technical Support , Telecom Engineering",IT-Hardware & Networking,Customer Support Engineer/Technician,73.0198537,19.0308262,2111," dot matrix| printer| printer support| Laserjet| Hardware Customer Support Engineer/Technician IT-Hardware & Networking IT Hardware , Technical Support , Telecom Engineering"
 When you need a Roof you need a job. Come work with us,3 - 8 yrs, Outbound| Technical Support Associate| Email| Technical| US shift| Medical| Antivirus| Troubleshooting| Technical support| Comp,Voice,Kolkata,"ITES , BPO , KPO , LPO , Customer Service , Operations","IT-Software, Software Services",Associate/Senior Associate -(NonTechnical),88.35769124,22.5414185,6408," Outbound| Technical Support Associate| Email| Technical| US shift| Medical| Antivirus| Troubleshooting| Technical support| Comp Associate/Senior Associate -(NonTechnical) IT-Software, Software Services ITES , BPO , KPO , LPO , Customer Service , Operations"
 Senior Data Analyst,2 - 7 yrs, Reporting| Data Analysis| Business Analytics| Data Analytics| kpo,Analytics & BI,"Mohali,Chandigarh",Analytics & Business Intelligence,"KPO, Research, Analytics",Data Analyst,76.6511232,30.7442722,2867," Reporting| Data Analysis| Business Analytics| Data Analytics| kpo Data Analyst KPO, Research, Analytics Analytics & Business Intelligence"
" Java / J2EE, Web Services also experienced in AngularJS",2 - 6 yrs, HTML| XML| Ajax| rest| Prototype| technical| developing| JSON| application architecture| SDLC| javascript| jQuery| Web services| java| application| web| design| Web designing| architecture| applications,Programming & Design,Bengaluru,"IT Software - Application Programming , Maintenance","IT-Software, Software Services",Software Developer,77.590082,12.9767936,6050," HTML| XML| Ajax| rest| Prototype| technical| developing| JSON| application architecture| SDLC| javascript| jQuery| Web services| java| application| web| design| Web designing| architecture| applications Software Developer IT-Software, Software Services IT Software - Application Programming , Maintenance"
 Senior US IT Recruiter / Senior US Recruiter,1 - 5 yrs, us it recruiter| us it recruitment| us it staffing| us staffing| us technical recruiter| us recruitment,HR/ Recruitment / IR,Hyderabad,"HR , Recruitment , Administration , IR","Recruitment, Staffing",Recruitment Executive,78.4740613,17.360589,2793," us it recruiter| us it recruitment| us it staffing| us staffing| us technical recruiter| us recruitment Recruitment Executive Recruitment, Staffing HR , Recruitment , Administration , IR"
 Service Engineer - Bhiwadi,1 - 6 yrs, service engineering| maintenance| breakdown| shutdown| amc| installation| repair| troubleshooting| field service engineer| Preventive Maintenance| breakdown maintenance| Field Engineer| Electrical Engineer,Production/Manufacturing/Maintenance,"Delhi NCR,Bhiwadi","Production , Manufacturing , Maintenance","Printing, Packaging",Service/Maintenance Engineer,,,1792," service engineering| maintenance| breakdown| shutdown| amc| installation| repair| troubleshooting| field service engineer| Preventive Maintenance| breakdown maintenance| Field Engineer| Electrical Engineer Service/Maintenance Engineer Printing, Packaging Production , Manufacturing , Maintenance"
 Sales Manager,4 - 9 yrs, enterprise sales| relationship building| new business| sales strategy| B2B Sales| marketing management| cross selling| product marketing| consultative sales| b2b marketing| service sales| Corporate Sales| Key Accounts Manager,Institutional Sales,Chennai,"Sales , Retail , Business Development","Advertising, PR, MR, Event Management",Sales/Business Development Manager,80.270186,13.0836939,4726," enterprise sales| relationship building| new business| sales strategy| B2B Sales| marketing management| cross selling| product marketing| consultative sales| b2b marketing| service sales| Corporate Sales| Key Accounts Manager Sales/Business Development Manager Advertising, PR, MR, Event Management Sales , Retail , Business Development"
 Accounts Executive For 1-2 Years Experience,1 - 2 yrs, accounts executive| Accounting| accounts| finance,Accounts,Noida,"Accounts , Finance , Tax , Company Secretary , Audit","BPO, Call Centre, ITeS",Accounts Executive/Accountant,77.3271074,28.5707841,2026," accounts executive| Accounting| accounts| finance Accounts Executive/Accountant BPO, Call Centre, ITeS Accounts , Finance , Tax , Company Secretary , Audit"
 Inbound Tour Manager,2 - 7 yrs, inbound| costing| selling| good communication| good communication skills| tickets| tour| experience| manager| packages,Ticketing/Travel/Documentation,Noida,"Travel , Tours , Ticketing , Airlines","Travel , Hotels , Restaurants , Airlines , Railways",Tour Management Manager/Senior Manager,77.3271074,28.5707841,3387," inbound| costing| selling| good communication| good communication skills| tickets| tour| experience| manager| packages Tour Management Manager/Senior Manager Travel , Hotels , Restaurants , Airlines , Railways Travel , Tours , Ticketing , Airlines"
 Swimming Pool Technician,1 - 3 yrs, Monthly Reports| Maintenance| Technician Activities| Water Quality,Site Engineering,Bengaluru,"Site Engineering , Project Management",Other,Maintenance Engineer,77.590082,12.9767936,4718," Monthly Reports| Maintenance| Technician Activities| Water Quality Maintenance Engineer Other Site Engineering , Project Management"
Data Science Manager, 8 - 12 Years,kaggle|NLP|data science|Artificial Intelligence|Natural Language Processing|analytical techniques|Text Mining|big data|machine learning|Deep Learning," ZS pioneers in sales force and marketing analytics applying optimization techniques to sales force and marketing investment problems. We have grown significantly and are now recognized global leaders in sales and marketing consulting. A key enabler of our services is leveraging data in delivering client solutions. The data available about customers across Healthcare and multiple industries is getting richer and the problems that our customers are trying to answer continue to evolve. In our endeavor to stay ahead of curve in providing solutions to these evolving complex business problems, ZS has set up a Data Scientist track which has following major focus areas: Research the evolving datasets and newer information sources to understand the possibilities Apply advanced analytical techniques and algorithms to improve current as well as develop cutting edge offerings/solutions Deliver client impact by collaboratively implementing and broad basing these solutions Provide thought leadership by developing the ZS Point of View in the industry The Manager position is the precursor to the Associate Principal and Principal Positions, and therefore part of the ZS leadership ladder. Every Manager leads one or more Spaces, i.e. business units focused either on a specific client, or a specific expertise area. Therefore ZS Data Science Managers are responsible for strong analytical expertise, knowledge and experience of various machine learning algorithms, tools & big data technologies, leveraging this knowledge for innovation, thought leadership, stakeholder relationship management, effectively coaching and responsible for people growth and defining-running-refining their space operating models, guided closely by Principals. Managers leverage their experience to take responsibility for providing analytical solutions across projects, deliver quality work for clients and lead client and ZS-leader relationships from beginning of their tenure. Provide expertise in architecting and implementing analytical solutions for projects Manage projects and assist in managing stakeholder relationships Direct multiple projects simultaneously, honing analytical and project management skills Motivate, coach and serve as a role model for space team members Provide thought leadership and innovation within projects and across practice areas Partner with onshore colleagues to develop new business with existing and new clients Develop and implement specific frameworks for strategy and programs Contribute to ZSs capability building and knowledge creation Coach, mentor, and conduct training programs Play an active role in India office growth related initiatives (e.g. recruiting, training, etc.). Required Candidate profile Managers have 8 - 12 years work experience in industry through consulting work or within an industry leader (a combination of experience is preferred) BE/ B.Tech / BS (stats) from Tier-1 institute would be required. PhD in Computer Science (OR Statistics) / M.Tech / MS from a premier institute would be highly preferred Substantial experience in Machine Learning Knowledge of big data/ advanced analytics concepts and algorithms text mining, social listening, recommender systems, predictive modeling, etc. Knowledge of programming Java/Python/R Exposure to tools/platforms Hadoop eco system and DB systems Agile project planning and project management skills Excellent communication skills In addition, we seek individuals with the following Desire to make a business impact for our clients Leadership experience Personal initiative and strong work ethic Self-motivation and detail orientation Organization & planning skills Communication skills Salary: Not Disclosed by Recruiter Industry: Strategy / Management Consulting Firms Functional Area: Other Employment Type: Full Time, Permanent ","Pune,Gurgaon","Other Employment Type: Full Time, Permanent",Strategy / Management Consulting Firms,"ZS pioneers in sales force and marketing analytics applying optimization techniques to sales force and marketing investment problems. We have grown significantly and are now recognized global leaders in sales and marketing consulting. A key enabler of our services is leveraging data in delivering client solutions. The data available about customers across Healthcare and multiple industries is getting richer and the problems that our customers are trying to answer continue to evolve. In our endeavor to stay ahead of curve in providing solutions to these evolving complex business problems, ZS has set up a Data Scientist track which has following major focus areas: Research the evolving datasets and newer information sources to understand the possibilities Apply advanced analytical techniques and algorithms to improve current as well as develop cutting edge offerings/solutions Deliver client impact by collaboratively implementing and broad basing these solutions Provide thought leadership by developing the ZS Point of View in the industry The Manager position is the precursor to the Associate Principal and Principal Positions, and therefore part of the ZS leadership ladder. Every Manager leads one or more Spaces, i.e. business units focused either on a specific client, or a specific expertise area. Therefore ZS Data Science Managers are responsible for strong analytical expertise, knowledge and experience of various machine learning algorithms, tools & big data technologies, leveraging this knowledge for innovation, thought leadership, stakeholder relationship management, effectively coaching and responsible for people growth and defining-running-refining their space operating models, guided closely by Principals. Managers leverage their experience to take responsibility for providing analytical solutions across projects, deliver quality work for clients and lead client and ZS-leader relationships from beginning of their tenure. Provide expertise in architecting and implementing analytical solutions for projects Manage projects and assist in managing stakeholder relationships Direct multiple projects simultaneously, honing analytical and project management skills Motivate, coach and serve as a role model for space team members Provide thought leadership and innovation within projects and across practice areas Partner with onshore colleagues to develop new business with existing and new clients Develop and implement specific frameworks for strategy and programs Contribute to ZSs capability building and knowledge creation Coach, mentor, and conduct training programs Play an active role in India office growth related initiatives (e.g. recruiting, training, etc.). Required Candidate profile Managers have 8 - 12 years work experience in industry through consulting work or within an industry leader (a combination of experience is preferred) BE/ B.Tech / BS (stats) from Tier-1 institute would be required. PhD in Computer Science (OR Statistics) / M.Tech / MS from a premier institute would be highly preferred Substantial experience in Machine Learning Knowledge of big data/ advanced analytics concepts and algorithms text mining, social listening, recommender systems, predictive modeling, etc. Knowledge of programming Java/Python/R Exposure to tools/platforms Hadoop eco system and DB systems Agile project planning and project management skills Excellent communication skills In addition, we seek individuals with the following Desire to make a business impact for our clients Leadership experience Personal initiative and strong work ethic Self-motivation and detail orientation Organization & planning skills Communication skills Salary: Not Disclosed by Recruiter Industry: Strategy / Management Consulting Firms Functional Area: Other",77.00270015,28.42826235,2506,"kaggle|NLP|data science|Artificial Intelligence|Natural Language Processing|analytical techniques|Text Mining|big data|machine learning|Deep Learning ZS pioneers in sales force and marketing analytics applying optimization techniques to sales force and marketing investment problems. We have grown significantly and are now recognized global leaders in sales and marketing consulting. A key enabler of our services is leveraging data in delivering client solutions. The data available about customers across Healthcare and multiple industries is getting richer and the problems that our customers are trying to answer continue to evolve. In our endeavor to stay ahead of curve in providing solutions to these evolving complex business problems, ZS has set up a Data Scientist track which has following major focus areas: Research the evolving datasets and newer information sources to understand the possibilities Apply advanced analytical techniques and algorithms to improve current as well as develop cutting edge offerings/solutions Deliver client impact by collaboratively implementing and broad basing these solutions Provide thought leadership by developing the ZS Point of View in the industry The Manager position is the precursor to the Associate Principal and Principal Positions, and therefore part of the ZS leadership ladder. Every Manager leads one or more Spaces, i.e. business units focused either on a specific client, or a specific expertise area. Therefore ZS Data Science Managers are responsible for strong analytical expertise, knowledge and experience of various machine learning algorithms, tools & big data technologies, leveraging this knowledge for innovation, thought leadership, stakeholder relationship management, effectively coaching and responsible for people growth and defining-running-refining their space operating models, guided closely by Principals. Managers leverage their experience to take responsibility for providing analytical solutions across projects, deliver quality work for clients and lead client and ZS-leader relationships from beginning of their tenure. Provide expertise in architecting and implementing analytical solutions for projects Manage projects and assist in managing stakeholder relationships Direct multiple projects simultaneously, honing analytical and project management skills Motivate, coach and serve as a role model for space team members Provide thought leadership and innovation within projects and across practice areas Partner with onshore colleagues to develop new business with existing and new clients Develop and implement specific frameworks for strategy and programs Contribute to ZSs capability building and knowledge creation Coach, mentor, and conduct training programs Play an active role in India office growth related initiatives (e.g. recruiting, training, etc.). Required Candidate profile Managers have 8 - 12 years work experience in industry through consulting work or within an industry leader (a combination of experience is preferred) BE/ B.Tech / BS (stats) from Tier-1 institute would be required. PhD in Computer Science (OR Statistics) / M.Tech / MS from a premier institute would be highly preferred Substantial experience in Machine Learning Knowledge of big data/ advanced analytics concepts and algorithms text mining, social listening, recommender systems, predictive modeling, etc. Knowledge of programming Java/Python/R Exposure to tools/platforms Hadoop eco system and DB systems Agile project planning and project management skills Excellent communication skills In addition, we seek individuals with the following Desire to make a business impact for our clients Leadership experience Personal initiative and strong work ethic Self-motivation and detail orientation Organization & planning skills Communication skills Salary: Not Disclosed by Recruiter Industry: Strategy / Management Consulting Firms Functional Area: Other Strategy / Management Consulting Firms Other Employment Type: Full Time, Permanent"
 Associate Vice President - Talent Acquisition - Campus Hiring Program,12 - 18 yrs, Talent Acquisition| Recruitment| HR| Campus Hiring| recruitment| recruiting,Senior Management,Bengaluru,"HR , Recruitment , Administration , IR","IT-Software, Software Services",Head/VP/GM-Recruitment,77.590082,12.9767936,5757," Talent Acquisition| Recruitment| HR| Campus Hiring| recruitment| recruiting Head/VP/GM-Recruitment IT-Software, Software Services HR , Recruitment , Administration , IR"
 Governance & Performance-Performance Management-Professors,7 - 10 yrs, Counselor| Mentor| Trainer| Advisor| Teaching,University Level,Hyderabad,"Teaching , Education , Training , Counselling","Education, Teaching, Training",Lecturer/Professor,78.4740613,17.360589,1816," Counselor| Mentor| Trainer| Advisor| Teaching Lecturer/Professor Education, Teaching, Training Teaching , Education , Training , Counselling"
" Manager Sales / Area Manager (tiles, Bath Fitting,paints)",6 - 11 yrs, project sales| Architects| Sales Operations| Sales Management| distributor| interior designers| Area Management| contractors| Area| Developers| consultants| dealer| territory management| Sales Manager,Retail Sales,"Delhi NCR,Kolkata,Chandigarh","Sales , Retail , Business Development","Construction, Engineering, Cement, Metals",Sales/Business Development Manager,,,5104," project sales| Architects| Sales Operations| Sales Management| distributor| interior designers| Area Management| contractors| Area| Developers| consultants| dealer| territory management| Sales Manager Sales/Business Development Manager Construction, Engineering, Cement, Metals Sales , Retail , Business Development"
 Operations - SME / Retail,12 - 15 yrs, Retail| marketing executive| distributors| customer profiling| sales strategy| SME| market research| Business Development| Operations| sales executive,Senior Management,Mumbai,"Financial Services , Banking , Investments , Insurance","Recruitment, Staffing",Head/VP/GM-Operations,72.8773928,19.0759899,6944," Retail| marketing executive| distributors| customer profiling| sales strategy| SME| market research| Business Development| Operations| sales executive Head/VP/GM-Operations Recruitment, Staffing Financial Services , Banking , Investments , Insurance"
 Assistant Manager - HR Operations,4 - 6 yrs,vide,HR/ Recruitment / IR,Pune,"HR , Recruitment , Administration , IR","IT-Software, Software Services",HR Manager,73.8544541,18.521428,2647,"vide HR Manager IT-Software, Software Services HR , Recruitment , Administration , IR"
 Sr. Sales / Sales Executive,2 - 4 yrs, Manager Sales| Sales Manager| assistant sales manager| MICE| Travel Agent| Senior Sales Executive| senior sales officer| Corporate Sales| Hotel Sales| Room Sales| Sales Executive,Retail Sales,Delhi NCR (Sunder Nagar) ,"Sales , Retail , Business Development","Travel , Hotels , Restaurants , Airlines , Railways",Sales Executive/Officer,,,3929," Manager Sales| Sales Manager| assistant sales manager| MICE| Travel Agent| Senior Sales Executive| senior sales officer| Corporate Sales| Hotel Sales| Room Sales| Sales Executive Sales Executive/Officer Travel , Hotels , Restaurants , Airlines , Railways Sales , Retail , Business Development"
 Senior Business Analyst - Sql/python,3 - 5 yrs, data analysis| vba| macros| advanced excel| oracle sql| google analytics| business analysis| python| data mining| business analyst,System Design/Implementation/ERP/CRM,Delhi,"IT Software - DBA , Datawarehousing","IT-Software, Software Services",Business Analyst,77.2219388,28.6517178,2973," data analysis| vba| macros| advanced excel| oracle sql| google analytics| business analysis| python| data mining| business analyst Business Analyst IT-Software, Software Services IT Software - DBA , Datawarehousing"
" .NET Developer (asp.net, MVC, C#)",2 - 5 yrs, C#| CSS| XML| Asp Net| Javascript| Web Application| MS SQL Server| .Net| MVC| ASP.Net MVC| JQuery| Ajax,Programming & Design,Hyderabad,"IT Software - Application Programming , Maintenance","IT-Software, Software Services",Software Developer,78.4740613,17.360589,6630," C#| CSS| XML| Asp Net| Javascript| Web Application| MS SQL Server| .Net| MVC| ASP.Net MVC| JQuery| Ajax Software Developer IT-Software, Software Services IT Software - Application Programming , Maintenance"
 Head- Land Management.,20 - 26 yrs, land acquisition,Drug Regulatory Affairs/Documentation,Gurgaon,"Legal , Regulatory , Intellectual Property","Real Estate, Property",Head/VP/GM-Regulatory Affairs,77.00270015,28.42826235,3707," land acquisition Head/VP/GM-Regulatory Affairs Real Estate, Property Legal , Regulatory , Intellectual Property"
 Sr. Business Analyst,2 - 5 yrs, Java| Tomcat| Eclipse| OOPS| HTML| UNIX| SQL| DB2| Weblogic| XML| Flex| Oracle| PL,System Design/Implementation/ERP/CRM,Hyderabad,"IT Software - Application Programming , Maintenance","Recruitment, Staffing",Business Analyst,78.4740613,17.360589,1817," Java| Tomcat| Eclipse| OOPS| HTML| UNIX| SQL| DB2| Weblogic| XML| Flex| Oracle| PL Business Analyst Recruitment, Staffing IT Software - Application Programming , Maintenance"
 CNC Machine Operator,2 - 3 yrs, cnc| cnc operator| cnc maintenance| cnc programming,Production/Manufacturing/Maintenance,"Ahmedabad,Gandhinagar","Production , Manufacturing , Maintenance","Industrial Products, Heavy Machinery",Factory Head,72.5822818,23.1154284,6034," cnc| cnc operator| cnc maintenance| cnc programming Factory Head Industrial Products, Heavy Machinery Production , Manufacturing , Maintenance"
 Executive,5 - 10 yrs, Medical Representative| Senior Executive,Architectural Services,Ahmedabad,"Architecture , Interior Design","Pharma, Biotech, Clinical Research",Architect,72.5797068,23.0216238,4555," Medical Representative| Senior Executive Architect Pharma, Biotech, Clinical Research Architecture , Interior Design"
 Presales Manager - Networking,3 - 8 yrs, Sales Engineer| solution architect| Presales| solution consultant| Technology Consultant,,Mumbai,Other,IT-Hardware & Networking,Other,72.8773928,19.0759899,6026, Sales Engineer| solution architect| Presales| solution consultant| Technology Consultant Other IT-Hardware & Networking Other
 Inside Sales Executive,3 - 5 yrs, Inside Sales| Lead Generation| Cold Calling| New Business| Customer Service| Proposal Writing| Follow Ups| Sales Executive Activities| Communication Skills| Convincing Power,Corporate Sales,"Delhi NCR,Bengaluru","Sales , Retail , Business Development","IT-Software, Software Services",Sales Executive/Officer,121.0977529,14.6719732,5338," Inside Sales| Lead Generation| Cold Calling| New Business| Customer Service| Proposal Writing| Follow Ups| Sales Executive Activities| Communication Skills| Convincing Power Sales Executive/Officer IT-Software, Software Services Sales , Retail , Business Development"
 Customer Care Executive,0 - 1 yrs, Customer Care| Inbound Process| Night Shift| Customer Care Executive| Customer Care Officer| BPO| Domestic BPO| International BPO,Other,Delhi NCR,"ITES , BPO , KPO , LPO , Customer Service , Operations","BPO, Call Centre, ITeS",Fresher,77.1212148,28.6882438,4752," Customer Care| Inbound Process| Night Shift| Customer Care Executive| Customer Care Officer| BPO| Domestic BPO| International BPO Fresher BPO, Call Centre, ITeS ITES , BPO , KPO , LPO , Customer Service , Operations"
 HR - Talent scout specialist,2 - 4 yrs, Performance management| Analytical| Design development| Conceptualization| HR| Continuous improvement| Sales support| Recruitment| Testing,Senior Management,Thane,"HR , Recruitment , Administration , IR","IT-Software, Software Services",Head/VP/GM-HR,72.9701779,19.1943294,3948," Performance management| Analytical| Design development| Conceptualization| HR| Continuous improvement| Sales support| Recruitment| Testing Head/VP/GM-HR IT-Software, Software Services HR , Recruitment , Administration , IR"
 Sr. Sales Manager,8 - 10 yrs, Service delivery| Bfsi| enterprise mobility| Market intelligence| Tools| Application development| Sales process| microsoft| Middleware| Business Executive,Retail Sales,Mumbai,"Sales , Retail , Business Development","IT-Software, Software Services",Sales/Business Development Manager,72.8773928,19.0759899,3816," Service delivery| Bfsi| enterprise mobility| Market intelligence| Tools| Application development| Sales process| microsoft| Middleware| Business Executive Sales/Business Development Manager IT-Software, Software Services Sales , Retail , Business Development"
 Laundry Executive,1 - 3 yrs, laundry,Housekeeping,Mumbai,"Hotels , Restaurants","Travel , Hotels , Restaurants , Airlines , Railways",Housekeeping Executive/Assistant.,72.8773928,19.0759899,1950," laundry Housekeeping Executive/Assistant. Travel , Hotels , Restaurants , Airlines , Railways Hotels , Restaurants"
 Accounts executive,2 - 7 yrs, TDS| Financial statements| Invoice processing| business opportunity| Interpersonal skills| Tally ERP| Accounting| Analytical| Accounts receivable| Recruitment,Accounts,Pune,"Accounts , Finance , Tax , Company Secretary , Audit","Recruitment, Staffing",Accounts Executive/Accountant,73.8544541,18.521428,3634," TDS| Financial statements| Invoice processing| business opportunity| Interpersonal skills| Tally ERP| Accounting| Analytical| Accounts receivable| Recruitment Accounts Executive/Accountant Recruitment, Staffing Accounts , Finance , Tax , Company Secretary , Audit"
 MBA HR - Experience,5 - 10 yrs, ERP| Succession Planning| MIS| Reports| Talent Management| Human Resources| HR Policies| Recruitment| Talent Acquisition,HR/ Recruitment / IR,Hyderabad,"HR , Recruitment , Administration , IR","IT-Software, Software Services",HR Manager,78.4740613,17.360589,4379," ERP| Succession Planning| MIS| Reports| Talent Management| Human Resources| HR Policies| Recruitment| Talent Acquisition HR Manager IT-Software, Software Services HR , Recruitment , Administration , IR"
 System Analyst,2 - 3 yrs, T-SQL| Web technologies| data manipulation| MIS| XML| Data structures| System Analyst| JSON| Scripting,Programming & Design,Pune,"IT Software - Application Programming , Maintenance","Media, Entertainment, Internet",System Analyst,73.8544541,18.521428,3638," T-SQL| Web technologies| data manipulation| MIS| XML| Data structures| System Analyst| JSON| Scripting System Analyst Media, Entertainment, Internet IT Software - Application Programming , Maintenance"
 Account Assistance,2 - 3 yrs, Audit| Credit Officers| Internal audit| Accounting| Finance| Tax| Accounts| Risk Management,Accounts,Pune,"Accounts , Finance , Tax , Company Secretary , Audit","Internet, Ecommerce",Accounts Executive/Accountant,73.8544541,18.521428,6372," Audit| Credit Officers| Internal audit| Accounting| Finance| Tax| Accounts| Risk Management Accounts Executive/Accountant Internet, Ecommerce Accounts , Finance , Tax , Company Secretary , Audit"
 Senior Embedded Engineer,3 - 5 yrs, gsm| ethernet| development| optimization| product development| troubleshooting| gps| lcd| embedded| spi,Programming & Design,Ahmedabad,"IT Software - Embedded , EDA , VLSI , ASIC , Chip Design","IT-Software, Software Services",Team Lead/Technical Lead,72.5797068,23.0216238,4199," gsm| ethernet| development| optimization| product development| troubleshooting| gps| lcd| embedded| spi Team Lead/Technical Lead IT-Software, Software Services IT Software - Embedded , EDA , VLSI , ASIC , Chip Design"
 Urgent Opening For Asst. Manager-it Infrastructure - Mumbai,4 - 7 yrs, Fortigate| Networking| Routing| Hyper - V| Dlp| Sophos| Windows| Virtualization| Switching| Firewall,Admin/Maintenance/Security/Datawarehousing,Mumbai,"IT Software - Application Programming , Maintenance","Banking, Financial Services, Broking",Technical Support Engineer,72.8773928,19.0759899,1874," Fortigate| Networking| Routing| Hyper - V| Dlp| Sophos| Windows| Virtualization| Switching| Firewall Technical Support Engineer Banking, Financial Services, Broking IT Software - Application Programming , Maintenance"
 Java Developer,4 - 8 yrs, Java| Spring Boot| Web Services| Microservices,Programming & Design,Bengaluru,"IT Software - Application Programming , Maintenance","IT-Software, Software Services",Software Developer,77.590082,12.9767936,3145," Java| Spring Boot| Web Services| Microservices Software Developer IT-Software, Software Services IT Software - Application Programming , Maintenance"
 Sr. Software Engineer Android/Hybrid,3 - 5 yrs, SQL| Android| jQuery| UML| Coding| Graphics| JSON| Test cases| System testing| SQLite,Programming & Design,Hyderabad,IT Software - System Programming,"IT-Software, Software Services",Software Developer,78.4740613,17.360589,4535," SQL| Android| jQuery| UML| Coding| Graphics| JSON| Test cases| System testing| SQLite Software Developer IT-Software, Software Services IT Software - System Programming"
 Principal Engineer-Piping,15 - 18 yrs, HVAC| Architecture| Project management| CAD| thermal| Conceptualization| Instrumentation| Autodesk| Food processing| Project delivery,Engineering Design,Mumbai,"Engineering Design , R&D","Construction, Engineering, Cement, Metals",Technical Lead/Project Lead,72.8773928,19.0759899,2691," HVAC| Architecture| Project management| CAD| thermal| Conceptualization| Instrumentation| Autodesk| Food processing| Project delivery Technical Lead/Project Lead Construction, Engineering, Cement, Metals Engineering Design , R&D"
 Business Analyst - Structured Finance,1 - 4 yrs, electronic trading| structured finance| dcf| equity research| bloomberg| investment banking| business analysis| bonds| valuation| advanced excel| hedge fund| financial modelling| structured products| fixed income,System Design/Implementation/ERP/CRM,Gurgaon,"IT Software - Application Programming , Maintenance","Banking, Financial Services, Broking",Business Analyst,77.00270015,28.42826235,5537," electronic trading| structured finance| dcf| equity research| bloomberg| investment banking| business analysis| bonds| valuation| advanced excel| hedge fund| financial modelling| structured products| fixed income Business Analyst Banking, Financial Services, Broking IT Software - Application Programming , Maintenance"
Solution Architecting, 8 - 12 Years,Product management|Analytical skills|software architecture|Prototype|Business analysis|Manager Technology|Outsourcing|Resource management|Operations|Solution architecting,Programming & Design, Gurgaon,"IT Software - Application Programming , Maintenance",IT-Software / Software Services,Technical Architect,77.00270015,28.42826235,6851,"Product management|Analytical skills|software architecture|Prototype|Business analysis|Manager Technology|Outsourcing|Resource management|Operations|Solution architecting Technical Architect IT-Software / Software Services IT Software - Application Programming , Maintenance"
 Sales / Business Development,15 - 20 yrs, Sales Head| Hospitality| Office automation| Residential sales| Sales strategy| Bfsi| management| Real estate sales| Flex| Executive search,Senior Management,"Bengaluru,Chennai","Sales , Retail , Business Development","Recruitment, Staffing",Head/VP/GM/National Manager -Sales,77.5553641,13.0155238,4064," Sales Head| Hospitality| Office automation| Residential sales| Sales strategy| Bfsi| management| Real estate sales| Flex| Executive search Head/VP/GM/National Manager -Sales Recruitment, Staffing Sales , Retail , Business Development"
" Medical Coding Job(fresher Ug/pg) Pharm,lifescience,be(biotech&biomed)",0 - 2 yrs, biotechnology| microbiology| nursing| biomedical| medical coding| medical coder| pharmacy| life sciences,Medical Professional,"Chennai Vellore,Salem Erode,Madurai Trichy","Medical , Healthcare , R&D , Pharmaceuticals , Biotechnology","Medical, Healthcare, Hospitals",Intern,,,4373," biotechnology| microbiology| nursing| biomedical| medical coding| medical coder| pharmacy| life sciences Intern Medical, Healthcare, Hospitals Medical , Healthcare , R&D , Pharmaceuticals , Biotechnology"
 Consultant,12 - 16 yrs, Com| Application support| Email| SAP IS-Utilities| level| Billing| change| Service| CRM| Entry level,System Design/Implementation/ERP/CRM,Pune,"IT Software - Application Programming , Maintenance","BPO, Call Centre, ITeS",Outside Technical Consultant,73.8544541,18.521428,4683," Com| Application support| Email| SAP IS-Utilities| level| Billing| change| Service| CRM| Entry level Outside Technical Consultant BPO, Call Centre, ITeS IT Software - Application Programming , Maintenance"
 Network & Security Architect- Pune,8 - 13 yrs, Network,,Pune,Other,"IT-Software, Software Services",Other,73.8544541,18.521428,1834," Network Other IT-Software, Software Services Other"
 Business Development Manager,1 - 3 yrs, ERP| RF| Action plan| Relationship| Software sales| Business planning| B2B Sales| RFQ| RFP| CRM,Corporate Sales,Mumbai,"Sales , Retail , Business Development","IT-Software, Software Services",Sales/Business Development Manager,72.8773928,19.0759899,5681," ERP| RF| Action plan| Relationship| Software sales| Business planning| B2B Sales| RFQ| RFP| CRM Sales/Business Development Manager IT-Software, Software Services Sales , Retail , Business Development"
 Assistant Vice President - Stock Broking - Delhi,3 - 8 yrs, Equity| Currency| Mutual Funds| Commodities| Stock Broking| New Client Acquisition| Business Generation| Channel Distribution| Team Management| team handling| sales,Senior Management,Delhi NCR,"Sales , Retail , Business Development","Banking, Financial Services, Broking",Head/VP/GM/National Manager -Sales,77.1212148,28.6882438,3935," Equity| Currency| Mutual Funds| Commodities| Stock Broking| New Client Acquisition| Business Generation| Channel Distribution| Team Management| team handling| sales Head/VP/GM/National Manager -Sales Banking, Financial Services, Broking Sales , Retail , Business Development"
 Production Manager in Press Shop & Projection Welding,10 - 15 yrs, Production Management| Weld Shop| Press Shop| pressing| sheetmetal,Production/Manufacturing/Maintenance,Greater Noida,"Production , Manufacturing , Maintenance","Automobile, Auto Anciliary, Auto Components",Production Manager,77.5137649,28.4670734,4859," Production Management| Weld Shop| Press Shop| pressing| sheetmetal Production Manager Automobile, Auto Anciliary, Auto Components Production , Manufacturing , Maintenance"
 salesfoce Developer +3Years / Mumbai,3 - 8 yrs, Salesforce Developer| sfdc developer| Salesforce,Programming & Design,"Mumbai,Pune","IT Software - Application Programming , Maintenance","IT-Software, Software Services",Software Developer,72.840292,18.9560691,4106," Salesforce Developer| sfdc developer| Salesforce Software Developer IT-Software, Software Services IT Software - Application Programming , Maintenance"
 Social Media Executive,0 - 1 yrs, website| facebook| online| Twitter| seo| internet| search engine optimisation,Online/Digital Marketing,Hyderabad,"Marketing , Advertising , MR , PR , Media Planning","Media, Entertainment, Internet",Social Media Marketing Manager,78.4740613,17.360589,5029," website| facebook| online| Twitter| seo| internet| search engine optimisation Social Media Marketing Manager Media, Entertainment, Internet Marketing , Advertising , MR , PR , Media Planning"
 Business Advisor,0 - 3 yrs,vide,Institutional Sales,Kolkata,"Sales , Retail , Business Development","Strategy, Management Consulting Firms",Sales Executive/Officer,88.35769124,22.5414185,4045,"vide Sales Executive/Officer Strategy, Management Consulting Firms Sales , Retail , Business Development"
" IT Recruiter, Technical Recruiter",0 - 4 yrs, head hunting| talent acquisition| Recruitment Executive| it recruitment| screening| technical recruitment| hiring| recruitment consultant| recruitment| sourcing| excel powerpoint| staffing,HR/ Recruitment / IR,Noida,"HR , Recruitment , Administration , IR","IT-Software, Software Services",Recruitment Executive,77.3271074,28.5707841,1702," head hunting| talent acquisition| Recruitment Executive| it recruitment| screening| technical recruitment| hiring| recruitment consultant| recruitment| sourcing| excel powerpoint| staffing Recruitment Executive IT-Software, Software Services HR , Recruitment , Administration , IR"
 SAP PLM Consultant - SAP MM Module,10 - 15 yrs, SAP PLM| SAP MM| SAP EHS,Other,Hyderabad,"IT Software - ERP , CRM","IT-Software, Software Services",Outside Consultant,78.4740613,17.360589,5553," SAP PLM| SAP MM| SAP EHS Outside Consultant IT-Software, Software Services IT Software - ERP , CRM"
 Python Manager - IIT/ IIM/ DSE/ ISI,3 - 6 yrs, Microstrategy| Business Intelligence| Cognos| Business Objects| Tableau| AWS| Python| SQL,Admin/Maintenance/Security/Datawarehousing,Bengaluru,"IT Software - Application Programming , Maintenance","IT-Software, Software Services",IT/Networking-Manager,77.590082,12.9767936,2383," Microstrategy| Business Intelligence| Cognos| Business Objects| Tableau| AWS| Python| SQL IT/Networking-Manager IT-Software, Software Services IT Software - Application Programming , Maintenance"
 Marketing Manager - Activation - Iit/nit,2 - 5 yrs, Marketing| Event Management| Brand Management,Marketing,Mumbai,"Marketing , Advertising , MR , PR , Media Planning","IT-Software, Software Services",Marketing Manager,72.8773928,19.0759899,6366," Marketing| Event Management| Brand Management Marketing Manager IT-Software, Software Services Marketing , Advertising , MR , PR , Media Planning"
 Hiring .Net Developers for Hyderabad Location,3 - 6 yrs, asp.net| ado.net| MVC,Programming & Design,Hyderabad,"IT Software - Application Programming , Maintenance","IT-Software, Software Services",Software Developer,78.4740613,17.360589,5419," asp.net| ado.net| MVC Software Developer IT-Software, Software Services IT Software - Application Programming , Maintenance"
 Senior BI Cognos Developer,7 - 12 yrs, SQL| Oracle| Cognos| Business intelligence| Automotive| Supply chain| DBMSTools| metadata,Programming & Design,Mumbai,"IT Software - DBA , Datawarehousing","Recruitment, Staffing",Software Developer,72.8773928,19.0759899,4428," SQL| Oracle| Cognos| Business intelligence| Automotive| Supply chain| DBMSTools| metadata Software Developer Recruitment, Staffing IT Software - DBA , Datawarehousing"
 Technical Support Engineer,2 - 5 yrs, Technical support| SAN| Veritas| Data management| NetBackup| Windows OS| WebEx| Unix operating system| TCP/IP| IT infrastructure,Admin/Maintenance/Security/Datawarehousing,Pune,IT Software - Other,"IT-Software, Software Services",Technical Support Engineer,73.8544541,18.521428,2457," Technical support| SAN| Veritas| Data management| NetBackup| Windows OS| WebEx| Unix operating system| TCP/IP| IT infrastructure Technical Support Engineer IT-Software, Software Services IT Software - Other"
 Senior Drupal Developer,5 - 10 yrs, Drupal| Linux| MySQL| Python| Consulting| Procurement| Monitoring| Front end| Backend| Django,Programming & Design,Hyderabad,"IT Software - Application Programming , Maintenance","IT-Software, Software Services",Software Developer,78.4740613,17.360589,2905," Drupal| Linux| MySQL| Python| Consulting| Procurement| Monitoring| Front end| Backend| Django Software Developer IT-Software, Software Services IT Software - Application Programming , Maintenance"
 Pre Sales Executive,2 - 4 yrs, Presales| Real Estate Sales| Residential Sales| Sales Executive Activities,Pre Sales,Pune,"Sales , Retail , Business Development","Real Estate, Property",Pre Sales Consultant,73.8544541,18.521428,4474," Presales| Real Estate Sales| Residential Sales| Sales Executive Activities Pre Sales Consultant Real Estate, Property Sales , Retail , Business Development"
 Head - Sales &amp; Strategy (telematics),7 - 12 yrs, b2b sales| team management| kam| commercial vehicle| sales strategy| enterprises sales,Senior Management,Gurgaon,"Sales , Retail , Business Development","Internet, Ecommerce",Head/VP/GM/National Manager -Sales,77.00270015,28.42826235,4304," b2b sales| team management| kam| commercial vehicle| sales strategy| enterprises sales Head/VP/GM/National Manager -Sales Internet, Ecommerce Sales , Retail , Business Development"
 Content Writer Required for a Monthly Magazine,1 - 3 yrs, Editing| proof reading| content writer| editor| Articles| Article Writing| Content Editor| Journalism| Mass Communication| Copywriter| Associate Editor| Sub Editor| English Writing| Research| Social Media,Content Development,"Delhi NCR,Ghaziabad,Noida","Journalism , Editing , Content","Media, Entertainment, Internet",Content Developer,,,3726," Editing| proof reading| content writer| editor| Articles| Article Writing| Content Editor| Journalism| Mass Communication| Copywriter| Associate Editor| Sub Editor| English Writing| Research| Social Media Content Developer Media, Entertainment, Internet Journalism , Editing , Content"
 Sales Engineers,1 - 2 yrs, set| eee| interpersonal skills| selling| sales marketing| travel| marketing management| hardware,Retail Sales,Chennai,"Sales , Retail , Business Development","IT-Software, Software Services",Sales Executive/Officer,80.270186,13.0836939,3037," set| eee| interpersonal skills| selling| sales marketing| travel| marketing management| hardware Sales Executive/Officer IT-Software, Software Services Sales , Retail , Business Development"
 Senior Laravel Developer,3 - 5 yrs, MySQL| Wordpress| Javascript| Flex| CMS| PHP| HTML| JSON| Joomla| Ajax,Programming & Design,Ahmedabad,"IT Software - Application Programming , Maintenance","IT-Software, Software Services",Software Developer,72.5797068,23.0216238,4403," MySQL| Wordpress| Javascript| Flex| CMS| PHP| HTML| JSON| Joomla| Ajax Software Developer IT-Software, Software Services IT Software - Application Programming , Maintenance"
" Medical Scribe Chandigarh Mohali Noida No Fees, Salary-26k To 48k",0 - 5 yrs, MBBS| B.sc| Biotech| Dermatology| Rheumatology| ENT| BDS| Medicine| Pathology| Immunology| Medical Transcription| Radiology| Genetics| BAMS| MDS,Drug Regulatory Affairs/Documentation,"Chandigarh,Mohali,Panchkula","Medical , Healthcare , R&D , Pharmaceuticals , Biotechnology","Medical, Healthcare, Hospitals",Documentation/Medical Writing,,,3506," MBBS| B.sc| Biotech| Dermatology| Rheumatology| ENT| BDS| Medicine| Pathology| Immunology| Medical Transcription| Radiology| Genetics| BAMS| MDS Documentation/Medical Writing Medical, Healthcare, Hospitals Medical , Healthcare , R&D , Pharmaceuticals , Biotechnology"
 Hub-Incharge Bangalore,2 - 3 yrs, Help Desk| Customer Service| customer relationship| access controls| Asset Management| Vendor Management,Logistics,Bengaluru,Purchase / Logistics / Supply Chain,"Recruitment, Staffing",Logistics Manager,77.590082,12.9767936,6376," Help Desk| Customer Service| customer relationship| access controls| Asset Management| Vendor Management Logistics Manager Recruitment, Staffing Purchase / Logistics / Supply Chain"
" QA - Associate , - Business - Operations - DM",3 - 5 yrs, QA| Data management| GDB| Fixed income| Data quality| HTTP| Operations| Python,Programming & Design,Mumbai,"IT Software - Application Programming , Maintenance","Advertising, PR, MR, Event Management",Software Developer,72.8773928,19.0759899,2065," QA| Data management| GDB| Fixed income| Data quality| HTTP| Operations| Python Software Developer Advertising, PR, MR, Event Management IT Software - Application Programming , Maintenance"
 Staff Nurse,2 - 5 yrs, Nursing| NICU| Medical | patient care| Nurse,Medical Professional,Gurgaon,"Medical , Healthcare , R&D , Pharmaceuticals , Biotechnology","Recruitment, Staffing",Nurse,77.00270015,28.42826235,1624," Nursing| NICU| Medical | patient care| Nurse Nurse Recruitment, Staffing Medical , Healthcare , R&D , Pharmaceuticals , Biotechnology"
 Back Office Executive|data Entry Operators|domestic BPO,0 - 3 yrs, back office processing| BPO| part time| data entry| computer operator| backend| non voice| chat process| account| marketing| inbound process,Other,"Mumbai,Pune","ITES , BPO , KPO , LPO , Customer Service , Operations","BPO, Call Centre, ITeS",Fresher,72.840292,18.9560691,4066," back office processing| BPO| part time| data entry| computer operator| backend| non voice| chat process| account| marketing| inbound process Fresher BPO, Call Centre, ITeS ITES , BPO , KPO , LPO , Customer Service , Operations"
 Sr Equity Advisor - 5 nos,6 - 11 yrs, shares| market research| communication skills,Investment Banking,Ahmedabad,"Financial Services , Banking , Investments , Insurance","Banking, Financial Services, Broking",Equity Manager,72.5797068,23.0216238,3655," shares| market research| communication skills Equity Manager Banking, Financial Services, Broking Financial Services , Banking , Investments , Insurance"
 Data Scientist - Sql/nosql,2 - 6 yrs, SQL| NoSQL| R| Python| Scala| Data Visualization| Machine Learning| Data Science| Data Modeling| Algorithm,Analytics & BI,Mumbai,Analytics & Business Intelligence,"IT-Software, Software Services",Data Analyst,72.8773928,19.0759899,6276," SQL| NoSQL| R| Python| Scala| Data Visualization| Machine Learning| Data Science| Data Modeling| Algorithm Data Analyst IT-Software, Software Services Analytics & Business Intelligence"
 Hiring For Day Shift Non Voice Sal. Up To 24K,0 - 4 yrs, international bpo| IT Helpdesk| freshers| customer care| international voice| call center| customer support| technical helpdesk| service desk| bpo fresher| uk| us| communication skills,Voice,Gurgaon,"ITES , BPO , KPO , LPO , Customer Service , Operations","BPO, Call Centre, ITeS",Associate/Senior Associate -(NonTechnical),77.00270015,28.42826235,6458," international bpo| IT Helpdesk| freshers| customer care| international voice| call center| customer support| technical helpdesk| service desk| bpo fresher| uk| us| communication skills Associate/Senior Associate -(NonTechnical) BPO, Call Centre, ITeS ITES , BPO , KPO , LPO , Customer Service , Operations"
 React.js Developer,1 - 3 yrs, jQuery| MySQL| Struts| Javascript| Database| JSF,Programming & Design,Pune,"IT Software - Application Programming , Maintenance","Recruitment, Staffing",Software Developer,73.8544541,18.521428,1637," jQuery| MySQL| Struts| Javascript| Database| JSF Software Developer Recruitment, Staffing IT Software - Application Programming , Maintenance"
 Requirement in Private bank for BDE,0 - 2 yrs, Business Development| Sales| Bde| New Business| Business Analyst| Business Development Manager| Business Development Executive| Senior Business Analyst| Sales Manager| Banker| Private Banker| Sales Officer,Accounts,"Delhi NCR,Gurgaon,Noida","Accounts , Finance , Tax , Company Secretary , Audit","Banking, Financial Services, Broking",Accounts Executive/Accountant,,,3331," Business Development| Sales| Bde| New Business| Business Analyst| Business Development Manager| Business Development Executive| Senior Business Analyst| Sales Manager| Banker| Private Banker| Sales Officer Accounts Executive/Accountant Banking, Financial Services, Broking Accounts , Finance , Tax , Company Secretary , Audit"
 Physics- TGT,2 - 5 yrs, Counselor| Mentor| Trainer| Advisor| Teaching,Subject Teachers (TGT/PGT),Delhi,"Teaching , Education , Training , Counselling","Education, Teaching, Training",Physics Teacher,77.2219388,28.6517178,5805," Counselor| Mentor| Trainer| Advisor| Teaching Physics Teacher Education, Teaching, Training Teaching , Education , Training , Counselling"
 Technical Sales Executive -mumbai,2 - 7 yrs, sales engineer| Technical Sales| Sales Executive Activities,,Mumbai,Other,"Construction, Engineering, Cement, Metals",Other,72.8773928,19.0759899,2750," sales engineer| Technical Sales| Sales Executive Activities Other Construction, Engineering, Cement, Metals Other"
 Urgent Opening - Hp-ux Administrator,3 - 8 yrs, Unix,Admin/Maintenance/Security/Datawarehousing,Delhi NCR,"IT Software - Application Programming , Maintenance","IT-Software, Software Services",System Administrator,77.1212148,28.6882438,5404," Unix System Administrator IT-Software, Software Services IT Software - Application Programming , Maintenance"
 Support Executive,1 - 3 yrs, Interpersonal skills| Direct marketing| IT hardware| Management| Support Executive,Sales Support,Mumbai,"Sales , Retail , Business Development","IT-Software, Software Services",Telesales/Telemarketing Executive/Officer,72.8773928,19.0759899,4775," Interpersonal skills| Direct marketing| IT hardware| Management| Support Executive Telesales/Telemarketing Executive/Officer IT-Software, Software Services Sales , Retail , Business Development"
 J. Stores - Manager,2 - 4 yrs, Analytical skills| Technical| Educational qualification| Stores| Management| Forecasting| Electricals| Inventory| Cables| Organization skills,HR/ Recruitment / IR,Pune,"HR , Recruitment , Administration , IR","Oil and Gas, Energy, Power, Infrastructure",Training Manager,73.8544541,18.521428,2509," Analytical skills| Technical| Educational qualification| Stores| Management| Forecasting| Electricals| Inventory| Cables| Organization skills Training Manager Oil and Gas, Energy, Power, Infrastructure HR , Recruitment , Administration , IR"
 Product Manager,5 - 7 yrs, product management| product pricing| sales| market research| user experience| marketting| asm| tsm| sales manager,Marketing,Bengaluru,"Marketing , Advertising , MR , PR , Media Planning","Banking, Financial Services, Broking",Product/Brand Manager,77.590082,12.9767936,2282," product management| product pricing| sales| market research| user experience| marketting| asm| tsm| sales manager Product/Brand Manager Banking, Financial Services, Broking Marketing , Advertising , MR , PR , Media Planning"
 Draughtsman,5 - 10 yrs, AutoCAD| Costing| Draughtsman| Civil| 3D,Architectural Services,Mumbai,"Architecture , Interior Design","Recruitment, Staffing",Draughtsman,72.8773928,19.0759899,5829," AutoCAD| Costing| Draughtsman| Civil| 3D Draughtsman Recruitment, Staffing Architecture , Interior Design"
 Senior Java Tech Lead - Spring Boot/ Data Structure,5 - 10 yrs, Java| SOA| TDD| SaaS| J2EE| Spring Boot| API| Algorithm| Data Structure,Programming & Design,Bengaluru,"IT Software - Application Programming , Maintenance","IT-Software, Software Services",Team Lead/Technical Lead,77.590082,12.9767936,5901," Java| SOA| TDD| SaaS| J2EE| Spring Boot| API| Algorithm| Data Structure Team Lead/Technical Lead IT-Software, Software Services IT Software - Application Programming , Maintenance"
 BCOM (hiring for Top4) Internal Audit /compliance Call Vikas,2 - 7 yrs, Mba Finance| Auditing| Internal Audit| SOX| Audit Compliance| Compliance,Accounts,"Delhi NCR,Gurgaon","Accounts , Finance , Tax , Company Secretary , Audit","Accounting, Finance",Accounts Executive/Accountant,77.10436033,28.42208445,3807," Mba Finance| Auditing| Internal Audit| SOX| Audit Compliance| Compliance Accounts Executive/Accountant Accounting, Finance Accounts , Finance , Tax , Company Secretary , Audit"
 ETL Datastage Developer,10 - 15 yrs, Technical Management| Agile Methodology| Unit Testing| Design Development| Business Analytics| Big Data| SQL Queries| Spark| Performance Tuning| Test Case Design,Programming & Design,Hyderabad,"IT Software - DBA , Datawarehousing","IT-Software, Software Services",Software Developer,78.4740613,17.360589,2302," Technical Management| Agile Methodology| Unit Testing| Design Development| Business Analytics| Big Data| SQL Queries| Spark| Performance Tuning| Test Case Design Software Developer IT-Software, Software Services IT Software - DBA , Datawarehousing"
 Technical Lead,6 - 11 yrs, CSS| Html5| MySQL| Javascript| Bootstrap| JSON| Node.Js| JQuery| Core PHP| Ajax,Programming & Design,Bengaluru,IT Software - System Programming,"IT-Software, Software Services",Team Lead/Technical Lead,77.590082,12.9767936,5467," CSS| Html5| MySQL| Javascript| Bootstrap| JSON| Node.Js| JQuery| Core PHP| Ajax Team Lead/Technical Lead IT-Software, Software Services IT Software - System Programming"
 Specialist - DV,4 - 8 yrs, Javascript| SQL| Python| design studio| Strategy consulting| Front end| big data analytics| QlikView| MATLAB,Programming & Design,Bengaluru,"IT Software - Application Programming , Maintenance","Accounting, Finance",Software Developer,77.590082,12.9767936,6808," Javascript| SQL| Python| design studio| Strategy consulting| Front end| big data analytics| QlikView| MATLAB Software Developer Accounting, Finance IT Software - Application Programming , Maintenance"
" Office Assistant, Office Boy",0 - 2 yrs, Tea| Coffee| Office Assistance| admin| office assistant| computer operator,,Mumbai,Other,"Courier, Transportation, Freight , Warehousing",Other,72.8773928,19.0759899,5312," Tea| Coffee| Office Assistance| admin| office assistant| computer operator Other Courier, Transportation, Freight , Warehousing Other"
 MES camster/apriso/hydra engineer,2 - 6 yrs, Oracle database| server| VB.NET| technical| tools| sql| Sql Server 2008| database| design| MS.net| Application development| Test cases| net| deployment| Automation| development| c| oracle| testing| specification| vb| quality| application| PLSQL| pl| support| WIP,Programming & Design,Mumbai,"IT Software - Application Programming , Maintenance","IT-Software, Software Services",Software Developer,72.8773928,19.0759899,3187," Oracle database| server| VB.NET| technical| tools| sql| Sql Server 2008| database| design| MS.net| Application development| Test cases| net| deployment| Automation| development| c| oracle| testing| specification| vb| quality| application| PLSQL| pl| support| WIP Software Developer IT-Software, Software Services IT Software - Application Programming , Maintenance"
 HR PMO Professional,6 - 9 yrs, Change management| Excel| Customer satisfaction| Project management| Relationship building| HR policies| HR| Scheduling| Visio| Stakeholder management,Project Management,Pune,IT Software - Other,"IT-Software, Software Services",Project Manager-IT/Software,73.8544541,18.521428,6556," Change management| Excel| Customer satisfaction| Project management| Relationship building| HR policies| HR| Scheduling| Visio| Stakeholder management Project Manager-IT/Software IT-Software, Software Services IT Software - Other"
 Principal Consultant,0 - 4 yrs, Business solutions| Project delivery| Conceptualization| Green field projects| Gap analysis| PDF| Regulatory compliance| account mining| Delivery Lead| Oracle Retail,System Design/Implementation/ERP/CRM,Hyderabad,"IT Software - Application Programming , Maintenance","IT-Software, Software Services",Functional Outside Consultant,78.4740613,17.360589,2833," Business solutions| Project delivery| Conceptualization| Green field projects| Gap analysis| PDF| Regulatory compliance| account mining| Delivery Lead| Oracle Retail Functional Outside Consultant IT-Software, Software Services IT Software - Application Programming , Maintenance"
 Urgent Requirment For Central Processing Center- Mumbai,1 - 6 yrs, Accounting Entries| Debit| Communication Skills| Finance| Document Verification| Banking| Problem Solving| Open Office| Dispute Management,,Mumbai,Other,"Banking, Financial Services, Broking",Other,72.8773928,19.0759899,4855," Accounting Entries| Debit| Communication Skills| Finance| Document Verification| Banking| Problem Solving| Open Office| Dispute Management Other Banking, Financial Services, Broking Other"
 Cognos TM1 Developer (4 6 years),6 - 11 yrs, Sql Server 2008| Cognos| MVC| SIDE| server| java| asp.net| Javascript| Problem| developer| ASP.Net MVC| sql,Programming & Design,Bengaluru,"IT Software - Application Programming , Maintenance","IT-Software, Software Services",Software Developer,77.590082,12.9767936,3584," Sql Server 2008| Cognos| MVC| SIDE| server| java| asp.net| Javascript| Problem| developer| ASP.Net MVC| sql Software Developer IT-Software, Software Services IT Software - Application Programming , Maintenance"
 Smart Web Developer,1 - 5 yrs, JAVA| Java| Business Analysts| development| Architects| HTML| Lead Developers| SQL| XML| design| PHP| ios development| PL,Programming & Design,Delhi,"IT Software - Application Programming , Maintenance","IT-Software, Software Services",Software Developer,77.2219388,28.6517178,3400," JAVA| Java| Business Analysts| development| Architects| HTML| Lead Developers| SQL| XML| design| PHP| ios development| PL Software Developer IT-Software, Software Services IT Software - Application Programming , Maintenance"
 Manager- Compensation and Benefits,10 - 15 yrs,vide,HR/ Recruitment / IR,Mumbai,"HR , Recruitment , Administration , IR","Media, Entertainment, Internet",Pay Roll/Compensation Manager,72.8773928,19.0759899,1617,"vide Pay Roll/Compensation Manager Media, Entertainment, Internet HR , Recruitment , Administration , IR"
 Civil Architect,5 - 10 yrs, Architect| Engineering Design| EPC| Civil,Architectural Services,Mumbai,"Architecture , Interior Design","Strategy, Management Consulting Firms",Architect,72.8773928,19.0759899,4164," Architect| Engineering Design| EPC| Civil Architect Strategy, Management Consulting Firms Architecture , Interior Design"
 Reconciliation Executive,0 - 2 yrs, access controls| Technology| Asset Management| Intellectual Property| Vendor Management| CRM,Voice,Mumbai,"ITES , BPO , KPO , LPO , Customer Service , Operations","IT-Software, Software Services",Associate/Senior Associate -(NonTechnical),72.8773928,19.0759899,5777," access controls| Technology| Asset Management| Intellectual Property| Vendor Management| CRM Associate/Senior Associate -(NonTechnical) IT-Software, Software Services ITES , BPO , KPO , LPO , Customer Service , Operations"
 Oracle Sales Cloud Developer,3 - 8 yrs, oracle sales,Programming & Design,Pune,"IT Software - Application Programming , Maintenance","IT-Software, Software Services",Software Developer,73.8544541,18.521428,4016," oracle sales Software Developer IT-Software, Software Services IT Software - Application Programming , Maintenance"
 Opening For Sales and Marketing_nariman Point ,2 - 7 yrs, Sales| Marketing,Retail Sales,"Mumbai,Mumbai Suburbs","Sales , Retail , Business Development","Banking, Financial Services, Broking",Area Sales Manager,72.9249,19.0637885,3170," Sales| Marketing Area Sales Manager Banking, Financial Services, Broking Sales , Retail , Business Development"
 Finance & OPS - Technical Consultant (dynamics Ax/365) @ Bangalore,2 - 7 yrs, microsoft dynamics ax| strategy implementation| proposal development| business development| resource planning| cost management| enterprise applications| data integrity| microsoft applications| process design| technical consultant,System Design/Implementation/ERP/CRM,Bengaluru,"IT Software - Application Programming , Maintenance","IT-Software, Software Services",ERP Consultant,77.590082,12.9767936,4922," microsoft dynamics ax| strategy implementation| proposal development| business development| resource planning| cost management| enterprise applications| data integrity| microsoft applications| process design| technical consultant ERP Consultant IT-Software, Software Services IT Software - Application Programming , Maintenance"
 Business Development Manager-digital / Export,5 - 8 yrs, digital marketing| international sales| international marketing| international business development| business development| Export Marketing,Institutional Sales,Noida,"Sales , Retail , Business Development","Internet, Ecommerce",Sales/Business Development Manager,77.3271074,28.5707841,5866," digital marketing| international sales| international marketing| international business development| business development| Export Marketing Sales/Business Development Manager Internet, Ecommerce Sales , Retail , Business Development"
 Sr. Software Engineer,4 - 9 yrs, Unix| PDF| Deployment| Informatica| Oracle| Teradata| Troubleshooting| Data warehousing,Programming & Design,Hyderabad,"IT Software - Application Programming , Maintenance","IT-Software, Software Services",Software Developer,78.4740613,17.360589,1515," Unix| PDF| Deployment| Informatica| Oracle| Teradata| Troubleshooting| Data warehousing Software Developer IT-Software, Software Services IT Software - Application Programming , Maintenance"
 Website Designer,0 - 2 yrs, jQuery| Analytical| Wordpress| Conceptualization| Web designing| Photoshop| Business Executive| CSS3| Ideas,Creative,Gurgaon,"Design , Creative , User Experience","IT-Software, Software Services",Web Designer,77.00270015,28.42826235,1946," jQuery| Analytical| Wordpress| Conceptualization| Web designing| Photoshop| Business Executive| CSS3| Ideas Web Designer IT-Software, Software Services Design , Creative , User Experience"
 Tech caller hiring a huge number of Executives.,2 - 5 yrs, Outbound| Night shift| Recruitment| iPhone| Email| US shift| Troubleshooting| Technical support| Comp| International BPO,Voice,Kolkata,"ITES , BPO , KPO , LPO , Customer Service , Operations","IT-Software, Software Services",Associate/Senior Associate -(NonTechnical),88.35769124,22.5414185,1511," Outbound| Night shift| Recruitment| iPhone| Email| US shift| Troubleshooting| Technical support| Comp| International BPO Associate/Senior Associate -(NonTechnical) IT-Software, Software Services ITES , BPO , KPO , LPO , Customer Service , Operations"
